ISO-10303-21;
HEADER;
FILE_DESCRIPTION((''),'2;1');
FILE_NAME('026605060','2015-04-21T',('me'),(''),
'PRO/ENGINEER BY PARAMETRIC TECHNOLOGY CORPORATION, 2011490',
'PRO/ENGINEER BY PARAMETRIC TECHNOLOGY CORPORATION, 2011490','');
FILE_SCHEMA(('CONFIG_CONTROL_DESIGN'));
ENDSEC;
DATA;
#1=DIRECTION('',(0.E0,0.E0,-1.E0));
#2=VECTOR('',#1,2.11E-1);
#3=CARTESIAN_POINT('',(-4.65E-1,-5.E-2,7.55E-2));
#4=LINE('',#3,#2);
#5=DIRECTION('',(0.E0,1.E0,0.E0));
#6=VECTOR('',#5,1.E-1);
#7=CARTESIAN_POINT('',(-4.65E-1,-5.E-2,-1.355E-1));
#8=LINE('',#7,#6);
#9=DIRECTION('',(0.E0,0.E0,1.E0));
#10=VECTOR('',#9,2.71E-1);
#11=CARTESIAN_POINT('',(-4.65E-1,5.E-2,-1.355E-1));
#12=LINE('',#11,#10);
#13=DIRECTION('',(0.E0,-1.E0,0.E0));
#14=VECTOR('',#13,3.5E-2);
#15=CARTESIAN_POINT('',(-4.65E-1,5.E-2,1.355E-1));
#16=LINE('',#15,#14);
#17=DIRECTION('',(0.E0,-8.660254037845E-1,-5.E-1));
#18=VECTOR('',#17,2.E-2);
#19=CARTESIAN_POINT('',(-4.65E-1,1.5E-2,1.355E-1));
#20=LINE('',#19,#18);
#21=DIRECTION('',(0.E0,-1.E0,0.E0));
#22=VECTOR('',#21,2.5E-2);
#23=CARTESIAN_POINT('',(-4.65E-1,-2.320508075690E-3,1.255E-1));
#24=LINE('',#23,#22);
#25=DIRECTION('',(0.E0,0.E0,1.E0));
#26=VECTOR('',#25,1.E-2);
#27=CARTESIAN_POINT('',(-4.65E-1,-2.732050807569E-2,1.255E-1));
#28=LINE('',#27,#26);
#29=DIRECTION('',(0.E0,-1.E0,0.E0));
#30=VECTOR('',#29,5.267949192431E-2);
#31=CARTESIAN_POINT('',(-4.65E-1,-2.732050807569E-2,1.355E-1));
#32=LINE('',#31,#30);
#33=DIRECTION('',(0.E0,0.E0,-1.E0));
#34=VECTOR('',#33,6.E-2);
#35=CARTESIAN_POINT('',(-4.65E-1,-8.E-2,1.355E-1));
#36=LINE('',#35,#34);
#37=DIRECTION('',(0.E0,1.E0,0.E0));
#38=VECTOR('',#37,3.E-2);
#39=CARTESIAN_POINT('',(-4.65E-1,-8.E-2,7.55E-2));
#40=LINE('',#39,#38);
#41=DIRECTION('',(0.E0,0.E0,-1.E0));
#42=VECTOR('',#41,4.5E-2);
#43=CARTESIAN_POINT('',(3.655E-1,-5.E-2,-4.3E-2));
#44=LINE('',#43,#42);
#45=DIRECTION('',(-1.E0,0.E0,0.E0));
#46=VECTOR('',#45,4.5E-2);
#47=CARTESIAN_POINT('',(4.105E-1,-5.E-2,-8.8E-2));
#48=LINE('',#47,#46);
#49=DIRECTION('',(0.E0,0.E0,-1.E0));
#50=VECTOR('',#49,4.5E-2);
#51=CARTESIAN_POINT('',(4.105E-1,-5.E-2,-4.3E-2));
#52=LINE('',#51,#50);
#53=DIRECTION('',(1.E0,0.E0,0.E0));
#54=VECTOR('',#53,4.5E-2);
#55=CARTESIAN_POINT('',(3.655E-1,-5.E-2,-4.3E-2));
#56=LINE('',#55,#54);
#57=DIRECTION('',(0.E0,0.E0,-1.E0));
#58=VECTOR('',#57,4.5E-2);
#59=CARTESIAN_POINT('',(2.095E-1,-5.E-2,-4.3E-2));
#60=LINE('',#59,#58);
#61=DIRECTION('',(-1.E0,0.E0,0.E0));
#62=VECTOR('',#61,4.5E-2);
#63=CARTESIAN_POINT('',(2.545E-1,-5.E-2,-8.8E-2));
#64=LINE('',#63,#62);
#65=DIRECTION('',(0.E0,0.E0,-1.E0));
#66=VECTOR('',#65,4.5E-2);
#67=CARTESIAN_POINT('',(2.545E-1,-5.E-2,-4.3E-2));
#68=LINE('',#67,#66);
#69=DIRECTION('',(1.E0,0.E0,0.E0));
#70=VECTOR('',#69,4.5E-2);
#71=CARTESIAN_POINT('',(2.095E-1,-5.E-2,-4.3E-2));
#72=LINE('',#71,#70);
#73=DIRECTION('',(0.E0,0.E0,-1.E0));
#74=VECTOR('',#73,4.5E-2);
#75=CARTESIAN_POINT('',(5.35E-2,-5.E-2,-4.3E-2));
#76=LINE('',#75,#74);
#77=DIRECTION('',(-1.E0,0.E0,0.E0));
#78=VECTOR('',#77,4.5E-2);
#79=CARTESIAN_POINT('',(9.85E-2,-5.E-2,-8.8E-2));
#80=LINE('',#79,#78);
#81=DIRECTION('',(0.E0,0.E0,-1.E0));
#82=VECTOR('',#81,4.5E-2);
#83=CARTESIAN_POINT('',(9.85E-2,-5.E-2,-4.3E-2));
#84=LINE('',#83,#82);
#85=DIRECTION('',(1.E0,0.E0,0.E0));
#86=VECTOR('',#85,4.5E-2);
#87=CARTESIAN_POINT('',(5.35E-2,-5.E-2,-4.3E-2));
#88=LINE('',#87,#86);
#89=DIRECTION('',(0.E0,0.E0,-1.E0));
#90=VECTOR('',#89,4.5E-2);
#91=CARTESIAN_POINT('',(-1.025E-1,-5.E-2,-4.3E-2));
#92=LINE('',#91,#90);
#93=DIRECTION('',(-1.E0,0.E0,0.E0));
#94=VECTOR('',#93,4.5E-2);
#95=CARTESIAN_POINT('',(-5.75E-2,-5.E-2,-8.8E-2));
#96=LINE('',#95,#94);
#97=DIRECTION('',(0.E0,0.E0,-1.E0));
#98=VECTOR('',#97,4.5E-2);
#99=CARTESIAN_POINT('',(-5.75E-2,-5.E-2,-4.3E-2));
#100=LINE('',#99,#98);
#101=DIRECTION('',(1.E0,0.E0,0.E0));
#102=VECTOR('',#101,4.5E-2);
#103=CARTESIAN_POINT('',(-1.025E-1,-5.E-2,-4.3E-2));
#104=LINE('',#103,#102);
#105=DIRECTION('',(0.E0,0.E0,-1.E0));
#106=VECTOR('',#105,4.5E-2);
#107=CARTESIAN_POINT('',(-2.585E-1,-5.E-2,-4.3E-2));
#108=LINE('',#107,#106);
#109=DIRECTION('',(-1.E0,0.E0,0.E0));
#110=VECTOR('',#109,4.5E-2);
#111=CARTESIAN_POINT('',(-2.135E-1,-5.E-2,-8.8E-2));
#112=LINE('',#111,#110);
#113=DIRECTION('',(0.E0,0.E0,-1.E0));
#114=VECTOR('',#113,4.5E-2);
#115=CARTESIAN_POINT('',(-2.135E-1,-5.E-2,-4.3E-2));
#116=LINE('',#115,#114);
#117=DIRECTION('',(1.E0,0.E0,0.E0));
#118=VECTOR('',#117,4.5E-2);
#119=CARTESIAN_POINT('',(-2.585E-1,-5.E-2,-4.3E-2));
#120=LINE('',#119,#118);
#121=DIRECTION('',(0.E0,0.E0,-1.E0));
#122=VECTOR('',#121,4.5E-2);
#123=CARTESIAN_POINT('',(-4.145E-1,-5.E-2,-4.3E-2));
#124=LINE('',#123,#122);
#125=DIRECTION('',(-1.E0,0.E0,0.E0));
#126=VECTOR('',#125,4.5E-2);
#127=CARTESIAN_POINT('',(-3.695E-1,-5.E-2,-8.8E-2));
#128=LINE('',#127,#126);
#129=DIRECTION('',(0.E0,0.E0,-1.E0));
#130=VECTOR('',#129,4.5E-2);
#131=CARTESIAN_POINT('',(-3.695E-1,-5.E-2,-4.3E-2));
#132=LINE('',#131,#130);
#133=DIRECTION('',(1.E0,0.E0,0.E0));
#134=VECTOR('',#133,4.5E-2);
#135=CARTESIAN_POINT('',(-4.145E-1,-5.E-2,-4.3E-2));
#136=LINE('',#135,#134);
#137=DIRECTION('',(1.E0,0.E0,0.E0));
#138=VECTOR('',#137,3.65E-1);
#139=CARTESIAN_POINT('',(-3.9E-1,-5.E-2,-1.355E-1));
#140=LINE('',#139,#138);
#141=DIRECTION('',(1.E0,0.E0,0.E0));
#142=VECTOR('',#141,2.3E-2);
#143=CARTESIAN_POINT('',(-4.65E-1,-5.E-2,7.55E-2));
#144=LINE('',#143,#142);
#145=DIRECTION('',(0.E0,0.E0,-1.E0));
#146=VECTOR('',#145,6.E-2);
#147=CARTESIAN_POINT('',(-3.38E-1,-5.E-2,1.355E-1));
#148=LINE('',#147,#146);
#149=DIRECTION('',(1.E0,0.E0,0.E0));
#150=VECTOR('',#149,5.2E-2);
#151=CARTESIAN_POINT('',(-3.38E-1,-5.E-2,7.55E-2));
#152=LINE('',#151,#150);
#153=DIRECTION('',(0.E0,0.E0,-1.E0));
#154=VECTOR('',#153,6.E-2);
#155=CARTESIAN_POINT('',(-1.82E-1,-5.E-2,1.355E-1));
#156=LINE('',#155,#154);
#157=DIRECTION('',(1.E0,0.E0,0.E0));
#158=VECTOR('',#157,5.2E-2);
#159=CARTESIAN_POINT('',(-1.82E-1,-5.E-2,7.55E-2));
#160=LINE('',#159,#158);
#161=DIRECTION('',(0.E0,0.E0,-1.E0));
#162=VECTOR('',#161,6.E-2);
#163=CARTESIAN_POINT('',(-2.6E-2,-5.E-2,1.355E-1));
#164=LINE('',#163,#162);
#165=DIRECTION('',(1.E0,0.E0,0.E0));
#166=VECTOR('',#165,5.2E-2);
#167=CARTESIAN_POINT('',(-2.6E-2,-5.E-2,7.55E-2));
#168=LINE('',#167,#166);
#169=DIRECTION('',(0.E0,0.E0,-1.E0));
#170=VECTOR('',#169,6.E-2);
#171=CARTESIAN_POINT('',(1.3E-1,-5.E-2,1.355E-1));
#172=LINE('',#171,#170);
#173=DIRECTION('',(1.E0,0.E0,0.E0));
#174=VECTOR('',#173,5.2E-2);
#175=CARTESIAN_POINT('',(1.3E-1,-5.E-2,7.55E-2));
#176=LINE('',#175,#174);
#177=DIRECTION('',(0.E0,0.E0,-1.E0));
#178=VECTOR('',#177,6.E-2);
#179=CARTESIAN_POINT('',(2.86E-1,-5.E-2,1.355E-1));
#180=LINE('',#179,#178);
#181=DIRECTION('',(1.E0,0.E0,0.E0));
#182=VECTOR('',#181,5.2E-2);
#183=CARTESIAN_POINT('',(2.86E-1,-5.E-2,7.55E-2));
#184=LINE('',#183,#182);
#185=DIRECTION('',(0.E0,0.E0,-1.E0));
#186=VECTOR('',#185,6.E-2);
#187=CARTESIAN_POINT('',(4.42E-1,-5.E-2,1.355E-1));
#188=LINE('',#187,#186);
#189=DIRECTION('',(1.E0,0.E0,0.E0));
#190=VECTOR('',#189,2.3E-2);
#191=CARTESIAN_POINT('',(4.42E-1,-5.E-2,7.55E-2));
#192=LINE('',#191,#190);
#193=DIRECTION('',(1.E0,0.E0,0.E0));
#194=VECTOR('',#193,3.65E-1);
#195=CARTESIAN_POINT('',(2.5E-2,-5.E-2,-1.355E-1));
#196=LINE('',#195,#194);
#197=DIRECTION('',(1.E0,0.E0,0.E0));
#198=VECTOR('',#197,5.E-2);
#199=CARTESIAN_POINT('',(-2.5E-2,-5.E-2,-1.355E-1));
#200=LINE('',#199,#198);
#201=DIRECTION('',(0.E0,0.E0,-1.E0));
#202=VECTOR('',#201,2.59E-1);
#203=CARTESIAN_POINT('',(3.655E-1,-3.155E-1,2.915E-1));
#204=LINE('',#203,#202);
#205=CARTESIAN_POINT('',(3.655E-1,-1.95E-1,3.25E-2));
#206=DIRECTION('',(1.E0,0.E0,0.E0));
#207=DIRECTION('',(0.E0,-1.E0,0.E0));
#208=AXIS2_PLACEMENT_3D('',#205,#206,#207);
#210=DIRECTION('',(0.E0,1.E0,0.E0));
#211=VECTOR('',#210,1.45E-1);
#212=CARTESIAN_POINT('',(3.655E-1,-1.95E-1,-8.8E-2));
#213=LINE('',#212,#211);
#214=DIRECTION('',(0.E0,1.E0,0.E0));
#215=VECTOR('',#214,4.5E-1);
#216=CARTESIAN_POINT('',(3.655E-1,5.E-2,-8.8E-2));
#217=LINE('',#216,#215);
#218=DIRECTION('',(1.E0,0.E0,0.E0));
#219=VECTOR('',#218,4.5E-2);
#220=CARTESIAN_POINT('',(3.655E-1,-1.95E-1,-4.3E-2));
#221=LINE('',#220,#219);
#222=DIRECTION('',(0.E0,1.E0,0.E0));
#223=VECTOR('',#222,1.45E-1);
#224=CARTESIAN_POINT('',(3.655E-1,-1.95E-1,-4.3E-2));
#225=LINE('',#224,#223);
#226=DIRECTION('',(0.E0,1.E0,0.E0));
#227=VECTOR('',#226,4.5E-1);
#228=CARTESIAN_POINT('',(3.655E-1,5.E-2,-4.3E-2));
#229=LINE('',#228,#227);
#230=DIRECTION('',(0.E0,0.E0,-1.E0));
#231=VECTOR('',#230,2.59E-1);
#232=CARTESIAN_POINT('',(4.105E-1,-2.705E-1,2.915E-1));
#233=LINE('',#232,#231);
#234=CARTESIAN_POINT('',(4.105E-1,-1.95E-1,3.25E-2));
#235=DIRECTION('',(1.E0,0.E0,0.E0));
#236=DIRECTION('',(0.E0,-1.E0,0.E0));
#237=AXIS2_PLACEMENT_3D('',#234,#235,#236);
#239=DIRECTION('',(0.E0,1.E0,0.E0));
#240=VECTOR('',#239,1.45E-1);
#241=CARTESIAN_POINT('',(4.105E-1,-1.95E-1,-4.3E-2));
#242=LINE('',#241,#240);
#243=DIRECTION('',(0.E0,1.E0,0.E0));
#244=VECTOR('',#243,4.5E-1);
#245=CARTESIAN_POINT('',(4.105E-1,5.E-2,-4.3E-2));
#246=LINE('',#245,#244);
#247=DIRECTION('',(-1.E0,0.E0,0.E0));
#248=VECTOR('',#247,4.5E-2);
#249=CARTESIAN_POINT('',(4.105E-1,-1.95E-1,-8.8E-2));
#250=LINE('',#249,#248);
#251=DIRECTION('',(0.E0,1.E0,0.E0));
#252=VECTOR('',#251,1.45E-1);
#253=CARTESIAN_POINT('',(4.105E-1,-1.95E-1,-8.8E-2));
#254=LINE('',#253,#252);
#255=DIRECTION('',(0.E0,1.E0,0.E0));
#256=VECTOR('',#255,4.5E-1);
#257=CARTESIAN_POINT('',(4.105E-1,5.E-2,-8.8E-2));
#258=LINE('',#257,#256);
#259=DIRECTION('',(-1.E0,0.E0,0.E0));
#260=VECTOR('',#259,4.5E-2);
#261=CARTESIAN_POINT('',(4.105E-1,-3.155E-1,3.25E-2));
#262=LINE('',#261,#260);
#263=CARTESIAN_POINT('',(4.105E-1,-1.95E-1,3.25E-2));
#264=DIRECTION('',(1.E0,0.E0,0.E0));
#265=DIRECTION('',(0.E0,-1.E0,0.E0));
#266=AXIS2_PLACEMENT_3D('',#263,#264,#265);
#268=DIRECTION('',(0.E0,0.E0,-1.E0));
#269=VECTOR('',#268,2.59E-1);
#270=CARTESIAN_POINT('',(4.105E-1,-3.155E-1,2.915E-1));
#271=LINE('',#270,#269);
#272=DIRECTION('',(-1.E0,0.E0,0.E0));
#273=VECTOR('',#272,4.5E-2);
#274=CARTESIAN_POINT('',(4.105E-1,-3.155E-1,2.915E-1));
#275=LINE('',#274,#273);
#276=DIRECTION('',(0.E0,1.E0,0.E0));
#277=VECTOR('',#276,4.5E-2);
#278=CARTESIAN_POINT('',(3.655E-1,-3.155E-1,2.915E-1));
#279=LINE('',#278,#277);
#280=DIRECTION('',(1.E0,0.E0,0.E0));
#281=VECTOR('',#280,4.5E-2);
#282=CARTESIAN_POINT('',(3.655E-1,-2.705E-1,2.915E-1));
#283=LINE('',#282,#281);
#284=DIRECTION('',(0.E0,-1.E0,0.E0));
#285=VECTOR('',#284,4.5E-2);
#286=CARTESIAN_POINT('',(4.105E-1,-2.705E-1,2.915E-1));
#287=LINE('',#286,#285);
#288=DIRECTION('',(0.E0,0.E0,-1.E0));
#289=VECTOR('',#288,2.59E-1);
#290=CARTESIAN_POINT('',(3.655E-1,-2.705E-1,2.915E-1));
#291=LINE('',#290,#289);
#292=DIRECTION('',(1.E0,0.E0,0.E0));
#293=VECTOR('',#292,4.5E-2);
#294=CARTESIAN_POINT('',(3.655E-1,-2.705E-1,3.25E-2));
#295=LINE('',#294,#293);
#296=CARTESIAN_POINT('',(3.655E-1,-1.95E-1,3.25E-2));
#297=DIRECTION('',(1.E0,0.E0,0.E0));
#298=DIRECTION('',(0.E0,-1.E0,0.E0));
#299=AXIS2_PLACEMENT_3D('',#296,#297,#298);
#301=DIRECTION('',(0.E0,0.E0,-1.E0));
#302=VECTOR('',#301,4.5E-2);
#303=CARTESIAN_POINT('',(3.655E-1,5.E-2,-4.3E-2));
#304=LINE('',#303,#302);
#305=DIRECTION('',(1.E0,0.E0,0.E0));
#306=VECTOR('',#305,4.5E-2);
#307=CARTESIAN_POINT('',(3.655E-1,5.E-2,-4.3E-2));
#308=LINE('',#307,#306);
#309=DIRECTION('',(0.E0,0.E0,-1.E0));
#310=VECTOR('',#309,4.5E-2);
#311=CARTESIAN_POINT('',(4.105E-1,5.E-2,-4.3E-2));
#312=LINE('',#311,#310);
#313=DIRECTION('',(-1.E0,0.E0,0.E0));
#314=VECTOR('',#313,4.5E-2);
#315=CARTESIAN_POINT('',(4.105E-1,5.E-2,-8.8E-2));
#316=LINE('',#315,#314);
#317=DIRECTION('',(0.E0,0.E0,-1.E0));
#318=VECTOR('',#317,4.5E-2);
#319=CARTESIAN_POINT('',(2.095E-1,5.E-2,-4.3E-2));
#320=LINE('',#319,#318);
#321=DIRECTION('',(1.E0,0.E0,0.E0));
#322=VECTOR('',#321,4.5E-2);
#323=CARTESIAN_POINT('',(2.095E-1,5.E-2,-4.3E-2));
#324=LINE('',#323,#322);
#325=DIRECTION('',(0.E0,0.E0,-1.E0));
#326=VECTOR('',#325,4.5E-2);
#327=CARTESIAN_POINT('',(2.545E-1,5.E-2,-4.3E-2));
#328=LINE('',#327,#326);
#329=DIRECTION('',(-1.E0,0.E0,0.E0));
#330=VECTOR('',#329,4.5E-2);
#331=CARTESIAN_POINT('',(2.545E-1,5.E-2,-8.8E-2));
#332=LINE('',#331,#330);
#333=DIRECTION('',(0.E0,0.E0,-1.E0));
#334=VECTOR('',#333,4.5E-2);
#335=CARTESIAN_POINT('',(5.35E-2,5.E-2,-4.3E-2));
#336=LINE('',#335,#334);
#337=DIRECTION('',(1.E0,0.E0,0.E0));
#338=VECTOR('',#337,4.5E-2);
#339=CARTESIAN_POINT('',(5.35E-2,5.E-2,-4.3E-2));
#340=LINE('',#339,#338);
#341=DIRECTION('',(0.E0,0.E0,-1.E0));
#342=VECTOR('',#341,4.5E-2);
#343=CARTESIAN_POINT('',(9.85E-2,5.E-2,-4.3E-2));
#344=LINE('',#343,#342);
#345=DIRECTION('',(-1.E0,0.E0,0.E0));
#346=VECTOR('',#345,4.5E-2);
#347=CARTESIAN_POINT('',(9.85E-2,5.E-2,-8.8E-2));
#348=LINE('',#347,#346);
#349=DIRECTION('',(0.E0,0.E0,-1.E0));
#350=VECTOR('',#349,4.5E-2);
#351=CARTESIAN_POINT('',(-1.025E-1,5.E-2,-4.3E-2));
#352=LINE('',#351,#350);
#353=DIRECTION('',(1.E0,0.E0,0.E0));
#354=VECTOR('',#353,4.5E-2);
#355=CARTESIAN_POINT('',(-1.025E-1,5.E-2,-4.3E-2));
#356=LINE('',#355,#354);
#357=DIRECTION('',(0.E0,0.E0,-1.E0));
#358=VECTOR('',#357,4.5E-2);
#359=CARTESIAN_POINT('',(-5.75E-2,5.E-2,-4.3E-2));
#360=LINE('',#359,#358);
#361=DIRECTION('',(-1.E0,0.E0,0.E0));
#362=VECTOR('',#361,4.5E-2);
#363=CARTESIAN_POINT('',(-5.75E-2,5.E-2,-8.8E-2));
#364=LINE('',#363,#362);
#365=DIRECTION('',(0.E0,0.E0,-1.E0));
#366=VECTOR('',#365,4.5E-2);
#367=CARTESIAN_POINT('',(-2.585E-1,5.E-2,-4.3E-2));
#368=LINE('',#367,#366);
#369=DIRECTION('',(1.E0,0.E0,0.E0));
#370=VECTOR('',#369,4.5E-2);
#371=CARTESIAN_POINT('',(-2.585E-1,5.E-2,-4.3E-2));
#372=LINE('',#371,#370);
#373=DIRECTION('',(0.E0,0.E0,-1.E0));
#374=VECTOR('',#373,4.5E-2);
#375=CARTESIAN_POINT('',(-2.135E-1,5.E-2,-4.3E-2));
#376=LINE('',#375,#374);
#377=DIRECTION('',(-1.E0,0.E0,0.E0));
#378=VECTOR('',#377,4.5E-2);
#379=CARTESIAN_POINT('',(-2.135E-1,5.E-2,-8.8E-2));
#380=LINE('',#379,#378);
#381=DIRECTION('',(0.E0,0.E0,-1.E0));
#382=VECTOR('',#381,4.5E-2);
#383=CARTESIAN_POINT('',(-4.145E-1,5.E-2,-4.3E-2));
#384=LINE('',#383,#382);
#385=DIRECTION('',(1.E0,0.E0,0.E0));
#386=VECTOR('',#385,4.5E-2);
#387=CARTESIAN_POINT('',(-4.145E-1,5.E-2,-4.3E-2));
#388=LINE('',#387,#386);
#389=DIRECTION('',(0.E0,0.E0,-1.E0));
#390=VECTOR('',#389,4.5E-2);
#391=CARTESIAN_POINT('',(-3.695E-1,5.E-2,-4.3E-2));
#392=LINE('',#391,#390);
#393=DIRECTION('',(-1.E0,0.E0,0.E0));
#394=VECTOR('',#393,4.5E-2);
#395=CARTESIAN_POINT('',(-3.695E-1,5.E-2,-8.8E-2));
#396=LINE('',#395,#394);
#397=DIRECTION('',(1.E0,0.E0,0.E0));
#398=VECTOR('',#397,3.65E-1);
#399=CARTESIAN_POINT('',(2.5E-2,5.E-2,-1.355E-1));
#400=LINE('',#399,#398);
#401=DIRECTION('',(1.E0,0.E0,0.E0));
#402=VECTOR('',#401,7.5E-2);
#403=CARTESIAN_POINT('',(3.9E-1,5.E-2,-1.355E-1));
#404=LINE('',#403,#402);
#405=DIRECTION('',(1.E0,0.E0,0.E0));
#406=VECTOR('',#405,7.5E-2);
#407=CARTESIAN_POINT('',(-4.65E-1,5.E-2,-1.355E-1));
#408=LINE('',#407,#406);
#409=DIRECTION('',(1.E0,0.E0,0.E0));
#410=VECTOR('',#409,3.65E-1);
#411=CARTESIAN_POINT('',(-3.9E-1,5.E-2,-1.355E-1));
#412=LINE('',#411,#410);
#413=DIRECTION('',(1.E0,0.E0,0.E0));
#414=VECTOR('',#413,5.E-2);
#415=CARTESIAN_POINT('',(-2.5E-2,5.E-2,-1.355E-1));
#416=LINE('',#415,#414);
#417=DIRECTION('',(0.E0,0.E0,-1.E0));
#418=VECTOR('',#417,2.59E-1);
#419=CARTESIAN_POINT('',(2.095E-1,-3.155E-1,2.915E-1));
#420=LINE('',#419,#418);
#421=CARTESIAN_POINT('',(2.095E-1,-1.95E-1,3.25E-2));
#422=DIRECTION('',(1.E0,0.E0,0.E0));
#423=DIRECTION('',(0.E0,-1.E0,0.E0));
#424=AXIS2_PLACEMENT_3D('',#421,#422,#423);
#426=DIRECTION('',(0.E0,1.E0,0.E0));
#427=VECTOR('',#426,1.45E-1);
#428=CARTESIAN_POINT('',(2.095E-1,-1.95E-1,-8.8E-2));
#429=LINE('',#428,#427);
#430=DIRECTION('',(0.E0,1.E0,0.E0));
#431=VECTOR('',#430,4.5E-1);
#432=CARTESIAN_POINT('',(2.095E-1,5.E-2,-8.8E-2));
#433=LINE('',#432,#431);
#434=DIRECTION('',(1.E0,0.E0,0.E0));
#435=VECTOR('',#434,4.5E-2);
#436=CARTESIAN_POINT('',(2.095E-1,-1.95E-1,-4.3E-2));
#437=LINE('',#436,#435);
#438=DIRECTION('',(0.E0,1.E0,0.E0));
#439=VECTOR('',#438,1.45E-1);
#440=CARTESIAN_POINT('',(2.095E-1,-1.95E-1,-4.3E-2));
#441=LINE('',#440,#439);
#442=DIRECTION('',(0.E0,1.E0,0.E0));
#443=VECTOR('',#442,4.5E-1);
#444=CARTESIAN_POINT('',(2.095E-1,5.E-2,-4.3E-2));
#445=LINE('',#444,#443);
#446=DIRECTION('',(0.E0,0.E0,-1.E0));
#447=VECTOR('',#446,2.59E-1);
#448=CARTESIAN_POINT('',(2.545E-1,-2.705E-1,2.915E-1));
#449=LINE('',#448,#447);
#450=CARTESIAN_POINT('',(2.545E-1,-1.95E-1,3.25E-2));
#451=DIRECTION('',(1.E0,0.E0,0.E0));
#452=DIRECTION('',(0.E0,-1.E0,0.E0));
#453=AXIS2_PLACEMENT_3D('',#450,#451,#452);
#455=DIRECTION('',(0.E0,1.E0,0.E0));
#456=VECTOR('',#455,1.45E-1);
#457=CARTESIAN_POINT('',(2.545E-1,-1.95E-1,-4.3E-2));
#458=LINE('',#457,#456);
#459=DIRECTION('',(0.E0,1.E0,0.E0));
#460=VECTOR('',#459,4.5E-1);
#461=CARTESIAN_POINT('',(2.545E-1,5.E-2,-4.3E-2));
#462=LINE('',#461,#460);
#463=DIRECTION('',(-1.E0,0.E0,0.E0));
#464=VECTOR('',#463,4.5E-2);
#465=CARTESIAN_POINT('',(2.545E-1,-1.95E-1,-8.8E-2));
#466=LINE('',#465,#464);
#467=DIRECTION('',(0.E0,1.E0,0.E0));
#468=VECTOR('',#467,1.45E-1);
#469=CARTESIAN_POINT('',(2.545E-1,-1.95E-1,-8.8E-2));
#470=LINE('',#469,#468);
#471=DIRECTION('',(0.E0,1.E0,0.E0));
#472=VECTOR('',#471,4.5E-1);
#473=CARTESIAN_POINT('',(2.545E-1,5.E-2,-8.8E-2));
#474=LINE('',#473,#472);
#475=DIRECTION('',(-1.E0,0.E0,0.E0));
#476=VECTOR('',#475,4.5E-2);
#477=CARTESIAN_POINT('',(2.545E-1,-3.155E-1,3.25E-2));
#478=LINE('',#477,#476);
#479=CARTESIAN_POINT('',(2.545E-1,-1.95E-1,3.25E-2));
#480=DIRECTION('',(1.E0,0.E0,0.E0));
#481=DIRECTION('',(0.E0,-1.E0,0.E0));
#482=AXIS2_PLACEMENT_3D('',#479,#480,#481);
#484=DIRECTION('',(0.E0,0.E0,-1.E0));
#485=VECTOR('',#484,2.59E-1);
#486=CARTESIAN_POINT('',(2.545E-1,-3.155E-1,2.915E-1));
#487=LINE('',#486,#485);
#488=DIRECTION('',(-1.E0,0.E0,0.E0));
#489=VECTOR('',#488,4.5E-2);
#490=CARTESIAN_POINT('',(2.545E-1,-3.155E-1,2.915E-1));
#491=LINE('',#490,#489);
#492=DIRECTION('',(0.E0,1.E0,0.E0));
#493=VECTOR('',#492,4.5E-2);
#494=CARTESIAN_POINT('',(2.095E-1,-3.155E-1,2.915E-1));
#495=LINE('',#494,#493);
#496=DIRECTION('',(1.E0,0.E0,0.E0));
#497=VECTOR('',#496,4.5E-2);
#498=CARTESIAN_POINT('',(2.095E-1,-2.705E-1,2.915E-1));
#499=LINE('',#498,#497);
#500=DIRECTION('',(0.E0,-1.E0,0.E0));
#501=VECTOR('',#500,4.5E-2);
#502=CARTESIAN_POINT('',(2.545E-1,-2.705E-1,2.915E-1));
#503=LINE('',#502,#501);
#504=DIRECTION('',(0.E0,0.E0,-1.E0));
#505=VECTOR('',#504,2.59E-1);
#506=CARTESIAN_POINT('',(2.095E-1,-2.705E-1,2.915E-1));
#507=LINE('',#506,#505);
#508=DIRECTION('',(1.E0,0.E0,0.E0));
#509=VECTOR('',#508,4.5E-2);
#510=CARTESIAN_POINT('',(2.095E-1,-2.705E-1,3.25E-2));
#511=LINE('',#510,#509);
#512=CARTESIAN_POINT('',(2.095E-1,-1.95E-1,3.25E-2));
#513=DIRECTION('',(1.E0,0.E0,0.E0));
#514=DIRECTION('',(0.E0,-1.E0,0.E0));
#515=AXIS2_PLACEMENT_3D('',#512,#513,#514);
#517=DIRECTION('',(-1.E0,0.E0,0.E0));
#518=VECTOR('',#517,4.5E-2);
#519=CARTESIAN_POINT('',(2.545E-1,5.E-1,-8.8E-2));
#520=LINE('',#519,#518);
#521=DIRECTION('',(0.E0,0.E0,-1.E0));
#522=VECTOR('',#521,4.5E-2);
#523=CARTESIAN_POINT('',(2.545E-1,5.E-1,-4.3E-2));
#524=LINE('',#523,#522);
#525=DIRECTION('',(1.E0,0.E0,0.E0));
#526=VECTOR('',#525,4.5E-2);
#527=CARTESIAN_POINT('',(2.095E-1,5.E-1,-4.3E-2));
#528=LINE('',#527,#526);
#529=DIRECTION('',(0.E0,0.E0,1.E0));
#530=VECTOR('',#529,4.5E-2);
#531=CARTESIAN_POINT('',(2.095E-1,5.E-1,-8.8E-2));
#532=LINE('',#531,#530);
#533=DIRECTION('',(0.E0,0.E0,-1.E0));
#534=VECTOR('',#533,2.59E-1);
#535=CARTESIAN_POINT('',(5.35E-2,-3.155E-1,2.915E-1));
#536=LINE('',#535,#534);
#537=CARTESIAN_POINT('',(5.35E-2,-1.95E-1,3.25E-2));
#538=DIRECTION('',(1.E0,0.E0,0.E0));
#539=DIRECTION('',(0.E0,-1.E0,0.E0));
#540=AXIS2_PLACEMENT_3D('',#537,#538,#539);
#542=DIRECTION('',(0.E0,1.E0,0.E0));
#543=VECTOR('',#542,1.45E-1);
#544=CARTESIAN_POINT('',(5.35E-2,-1.95E-1,-8.8E-2));
#545=LINE('',#544,#543);
#546=DIRECTION('',(0.E0,1.E0,0.E0));
#547=VECTOR('',#546,4.5E-1);
#548=CARTESIAN_POINT('',(5.35E-2,5.E-2,-8.8E-2));
#549=LINE('',#548,#547);
#550=DIRECTION('',(1.E0,0.E0,0.E0));
#551=VECTOR('',#550,4.5E-2);
#552=CARTESIAN_POINT('',(5.35E-2,-1.95E-1,-4.3E-2));
#553=LINE('',#552,#551);
#554=DIRECTION('',(0.E0,1.E0,0.E0));
#555=VECTOR('',#554,1.45E-1);
#556=CARTESIAN_POINT('',(5.35E-2,-1.95E-1,-4.3E-2));
#557=LINE('',#556,#555);
#558=DIRECTION('',(0.E0,1.E0,0.E0));
#559=VECTOR('',#558,4.5E-1);
#560=CARTESIAN_POINT('',(5.35E-2,5.E-2,-4.3E-2));
#561=LINE('',#560,#559);
#562=DIRECTION('',(0.E0,0.E0,-1.E0));
#563=VECTOR('',#562,2.59E-1);
#564=CARTESIAN_POINT('',(9.85E-2,-2.705E-1,2.915E-1));
#565=LINE('',#564,#563);
#566=CARTESIAN_POINT('',(9.85E-2,-1.95E-1,3.25E-2));
#567=DIRECTION('',(1.E0,0.E0,0.E0));
#568=DIRECTION('',(0.E0,-1.E0,0.E0));
#569=AXIS2_PLACEMENT_3D('',#566,#567,#568);
#571=DIRECTION('',(0.E0,1.E0,0.E0));
#572=VECTOR('',#571,1.45E-1);
#573=CARTESIAN_POINT('',(9.85E-2,-1.95E-1,-4.3E-2));
#574=LINE('',#573,#572);
#575=DIRECTION('',(0.E0,1.E0,0.E0));
#576=VECTOR('',#575,4.5E-1);
#577=CARTESIAN_POINT('',(9.85E-2,5.E-2,-4.3E-2));
#578=LINE('',#577,#576);
#579=DIRECTION('',(-1.E0,0.E0,0.E0));
#580=VECTOR('',#579,4.5E-2);
#581=CARTESIAN_POINT('',(9.85E-2,-1.95E-1,-8.8E-2));
#582=LINE('',#581,#580);
#583=DIRECTION('',(0.E0,1.E0,0.E0));
#584=VECTOR('',#583,1.45E-1);
#585=CARTESIAN_POINT('',(9.85E-2,-1.95E-1,-8.8E-2));
#586=LINE('',#585,#584);
#587=DIRECTION('',(0.E0,1.E0,0.E0));
#588=VECTOR('',#587,4.5E-1);
#589=CARTESIAN_POINT('',(9.85E-2,5.E-2,-8.8E-2));
#590=LINE('',#589,#588);
#591=DIRECTION('',(-1.E0,0.E0,0.E0));
#592=VECTOR('',#591,4.5E-2);
#593=CARTESIAN_POINT('',(9.85E-2,-3.155E-1,3.25E-2));
#594=LINE('',#593,#592);
#595=CARTESIAN_POINT('',(9.85E-2,-1.95E-1,3.25E-2));
#596=DIRECTION('',(1.E0,0.E0,0.E0));
#597=DIRECTION('',(0.E0,-1.E0,0.E0));
#598=AXIS2_PLACEMENT_3D('',#595,#596,#597);
#600=DIRECTION('',(0.E0,0.E0,-1.E0));
#601=VECTOR('',#600,2.59E-1);
#602=CARTESIAN_POINT('',(9.85E-2,-3.155E-1,2.915E-1));
#603=LINE('',#602,#601);
#604=DIRECTION('',(-1.E0,0.E0,0.E0));
#605=VECTOR('',#604,4.5E-2);
#606=CARTESIAN_POINT('',(9.85E-2,-3.155E-1,2.915E-1));
#607=LINE('',#606,#605);
#608=DIRECTION('',(0.E0,1.E0,0.E0));
#609=VECTOR('',#608,4.5E-2);
#610=CARTESIAN_POINT('',(5.35E-2,-3.155E-1,2.915E-1));
#611=LINE('',#610,#609);
#612=DIRECTION('',(1.E0,0.E0,0.E0));
#613=VECTOR('',#612,4.5E-2);
#614=CARTESIAN_POINT('',(5.35E-2,-2.705E-1,2.915E-1));
#615=LINE('',#614,#613);
#616=DIRECTION('',(0.E0,-1.E0,0.E0));
#617=VECTOR('',#616,4.5E-2);
#618=CARTESIAN_POINT('',(9.85E-2,-2.705E-1,2.915E-1));
#619=LINE('',#618,#617);
#620=DIRECTION('',(0.E0,0.E0,-1.E0));
#621=VECTOR('',#620,2.59E-1);
#622=CARTESIAN_POINT('',(5.35E-2,-2.705E-1,2.915E-1));
#623=LINE('',#622,#621);
#624=DIRECTION('',(1.E0,0.E0,0.E0));
#625=VECTOR('',#624,4.5E-2);
#626=CARTESIAN_POINT('',(5.35E-2,-2.705E-1,3.25E-2));
#627=LINE('',#626,#625);
#628=CARTESIAN_POINT('',(5.35E-2,-1.95E-1,3.25E-2));
#629=DIRECTION('',(1.E0,0.E0,0.E0));
#630=DIRECTION('',(0.E0,-1.E0,0.E0));
#631=AXIS2_PLACEMENT_3D('',#628,#629,#630);
#633=DIRECTION('',(-1.E0,0.E0,0.E0));
#634=VECTOR('',#633,4.5E-2);
#635=CARTESIAN_POINT('',(9.85E-2,5.E-1,-8.8E-2));
#636=LINE('',#635,#634);
#637=DIRECTION('',(0.E0,0.E0,-1.E0));
#638=VECTOR('',#637,4.5E-2);
#639=CARTESIAN_POINT('',(9.85E-2,5.E-1,-4.3E-2));
#640=LINE('',#639,#638);
#641=DIRECTION('',(1.E0,0.E0,0.E0));
#642=VECTOR('',#641,4.5E-2);
#643=CARTESIAN_POINT('',(5.35E-2,5.E-1,-4.3E-2));
#644=LINE('',#643,#642);
#645=DIRECTION('',(0.E0,0.E0,1.E0));
#646=VECTOR('',#645,4.5E-2);
#647=CARTESIAN_POINT('',(5.35E-2,5.E-1,-8.8E-2));
#648=LINE('',#647,#646);
#649=DIRECTION('',(0.E0,0.E0,-1.E0));
#650=VECTOR('',#649,2.59E-1);
#651=CARTESIAN_POINT('',(-1.025E-1,-3.155E-1,2.915E-1));
#652=LINE('',#651,#650);
#653=CARTESIAN_POINT('',(-1.025E-1,-1.95E-1,3.25E-2));
#654=DIRECTION('',(1.E0,0.E0,0.E0));
#655=DIRECTION('',(0.E0,-1.E0,0.E0));
#656=AXIS2_PLACEMENT_3D('',#653,#654,#655);
#658=DIRECTION('',(0.E0,1.E0,0.E0));
#659=VECTOR('',#658,1.45E-1);
#660=CARTESIAN_POINT('',(-1.025E-1,-1.95E-1,-8.8E-2));
#661=LINE('',#660,#659);
#662=DIRECTION('',(0.E0,1.E0,0.E0));
#663=VECTOR('',#662,4.5E-1);
#664=CARTESIAN_POINT('',(-1.025E-1,5.E-2,-8.8E-2));
#665=LINE('',#664,#663);
#666=DIRECTION('',(1.E0,0.E0,0.E0));
#667=VECTOR('',#666,4.5E-2);
#668=CARTESIAN_POINT('',(-1.025E-1,-1.95E-1,-4.3E-2));
#669=LINE('',#668,#667);
#670=DIRECTION('',(0.E0,1.E0,0.E0));
#671=VECTOR('',#670,1.45E-1);
#672=CARTESIAN_POINT('',(-1.025E-1,-1.95E-1,-4.3E-2));
#673=LINE('',#672,#671);
#674=DIRECTION('',(0.E0,1.E0,0.E0));
#675=VECTOR('',#674,4.5E-1);
#676=CARTESIAN_POINT('',(-1.025E-1,5.E-2,-4.3E-2));
#677=LINE('',#676,#675);
#678=DIRECTION('',(0.E0,0.E0,-1.E0));
#679=VECTOR('',#678,2.59E-1);
#680=CARTESIAN_POINT('',(-5.75E-2,-2.705E-1,2.915E-1));
#681=LINE('',#680,#679);
#682=CARTESIAN_POINT('',(-5.75E-2,-1.95E-1,3.25E-2));
#683=DIRECTION('',(1.E0,0.E0,0.E0));
#684=DIRECTION('',(0.E0,-1.E0,0.E0));
#685=AXIS2_PLACEMENT_3D('',#682,#683,#684);
#687=DIRECTION('',(0.E0,1.E0,0.E0));
#688=VECTOR('',#687,1.45E-1);
#689=CARTESIAN_POINT('',(-5.75E-2,-1.95E-1,-4.3E-2));
#690=LINE('',#689,#688);
#691=DIRECTION('',(0.E0,1.E0,0.E0));
#692=VECTOR('',#691,4.5E-1);
#693=CARTESIAN_POINT('',(-5.75E-2,5.E-2,-4.3E-2));
#694=LINE('',#693,#692);
#695=DIRECTION('',(-1.E0,0.E0,0.E0));
#696=VECTOR('',#695,4.5E-2);
#697=CARTESIAN_POINT('',(-5.75E-2,-1.95E-1,-8.8E-2));
#698=LINE('',#697,#696);
#699=DIRECTION('',(0.E0,1.E0,0.E0));
#700=VECTOR('',#699,1.45E-1);
#701=CARTESIAN_POINT('',(-5.75E-2,-1.95E-1,-8.8E-2));
#702=LINE('',#701,#700);
#703=DIRECTION('',(0.E0,1.E0,0.E0));
#704=VECTOR('',#703,4.5E-1);
#705=CARTESIAN_POINT('',(-5.75E-2,5.E-2,-8.8E-2));
#706=LINE('',#705,#704);
#707=DIRECTION('',(-1.E0,0.E0,0.E0));
#708=VECTOR('',#707,4.5E-2);
#709=CARTESIAN_POINT('',(-5.75E-2,-3.155E-1,3.25E-2));
#710=LINE('',#709,#708);
#711=CARTESIAN_POINT('',(-5.75E-2,-1.95E-1,3.25E-2));
#712=DIRECTION('',(1.E0,0.E0,0.E0));
#713=DIRECTION('',(0.E0,-1.E0,0.E0));
#714=AXIS2_PLACEMENT_3D('',#711,#712,#713);
#716=DIRECTION('',(0.E0,0.E0,-1.E0));
#717=VECTOR('',#716,2.59E-1);
#718=CARTESIAN_POINT('',(-5.75E-2,-3.155E-1,2.915E-1));
#719=LINE('',#718,#717);
#720=DIRECTION('',(-1.E0,0.E0,0.E0));
#721=VECTOR('',#720,4.5E-2);
#722=CARTESIAN_POINT('',(-5.75E-2,-3.155E-1,2.915E-1));
#723=LINE('',#722,#721);
#724=DIRECTION('',(0.E0,1.E0,0.E0));
#725=VECTOR('',#724,4.5E-2);
#726=CARTESIAN_POINT('',(-1.025E-1,-3.155E-1,2.915E-1));
#727=LINE('',#726,#725);
#728=DIRECTION('',(1.E0,0.E0,0.E0));
#729=VECTOR('',#728,4.5E-2);
#730=CARTESIAN_POINT('',(-1.025E-1,-2.705E-1,2.915E-1));
#731=LINE('',#730,#729);
#732=DIRECTION('',(0.E0,-1.E0,0.E0));
#733=VECTOR('',#732,4.5E-2);
#734=CARTESIAN_POINT('',(-5.75E-2,-2.705E-1,2.915E-1));
#735=LINE('',#734,#733);
#736=DIRECTION('',(0.E0,0.E0,-1.E0));
#737=VECTOR('',#736,2.59E-1);
#738=CARTESIAN_POINT('',(-1.025E-1,-2.705E-1,2.915E-1));
#739=LINE('',#738,#737);
#740=DIRECTION('',(1.E0,0.E0,0.E0));
#741=VECTOR('',#740,4.5E-2);
#742=CARTESIAN_POINT('',(-1.025E-1,-2.705E-1,3.25E-2));
#743=LINE('',#742,#741);
#744=CARTESIAN_POINT('',(-1.025E-1,-1.95E-1,3.25E-2));
#745=DIRECTION('',(1.E0,0.E0,0.E0));
#746=DIRECTION('',(0.E0,-1.E0,0.E0));
#747=AXIS2_PLACEMENT_3D('',#744,#745,#746);
#749=DIRECTION('',(-1.E0,0.E0,0.E0));
#750=VECTOR('',#749,4.5E-2);
#751=CARTESIAN_POINT('',(-5.75E-2,5.E-1,-8.8E-2));
#752=LINE('',#751,#750);
#753=DIRECTION('',(0.E0,0.E0,-1.E0));
#754=VECTOR('',#753,4.5E-2);
#755=CARTESIAN_POINT('',(-5.75E-2,5.E-1,-4.3E-2));
#756=LINE('',#755,#754);
#757=DIRECTION('',(1.E0,0.E0,0.E0));
#758=VECTOR('',#757,4.5E-2);
#759=CARTESIAN_POINT('',(-1.025E-1,5.E-1,-4.3E-2));
#760=LINE('',#759,#758);
#761=DIRECTION('',(0.E0,0.E0,1.E0));
#762=VECTOR('',#761,4.5E-2);
#763=CARTESIAN_POINT('',(-1.025E-1,5.E-1,-8.8E-2));
#764=LINE('',#763,#762);
#765=DIRECTION('',(0.E0,0.E0,-1.E0));
#766=VECTOR('',#765,2.59E-1);
#767=CARTESIAN_POINT('',(-2.585E-1,-3.155E-1,2.915E-1));
#768=LINE('',#767,#766);
#769=CARTESIAN_POINT('',(-2.585E-1,-1.95E-1,3.25E-2));
#770=DIRECTION('',(1.E0,0.E0,0.E0));
#771=DIRECTION('',(0.E0,-1.E0,0.E0));
#772=AXIS2_PLACEMENT_3D('',#769,#770,#771);
#774=DIRECTION('',(0.E0,1.E0,0.E0));
#775=VECTOR('',#774,1.45E-1);
#776=CARTESIAN_POINT('',(-2.585E-1,-1.95E-1,-8.8E-2));
#777=LINE('',#776,#775);
#778=DIRECTION('',(0.E0,1.E0,0.E0));
#779=VECTOR('',#778,4.5E-1);
#780=CARTESIAN_POINT('',(-2.585E-1,5.E-2,-8.8E-2));
#781=LINE('',#780,#779);
#782=DIRECTION('',(1.E0,0.E0,0.E0));
#783=VECTOR('',#782,4.5E-2);
#784=CARTESIAN_POINT('',(-2.585E-1,-1.95E-1,-4.3E-2));
#785=LINE('',#784,#783);
#786=DIRECTION('',(0.E0,1.E0,0.E0));
#787=VECTOR('',#786,1.45E-1);
#788=CARTESIAN_POINT('',(-2.585E-1,-1.95E-1,-4.3E-2));
#789=LINE('',#788,#787);
#790=DIRECTION('',(0.E0,1.E0,0.E0));
#791=VECTOR('',#790,4.5E-1);
#792=CARTESIAN_POINT('',(-2.585E-1,5.E-2,-4.3E-2));
#793=LINE('',#792,#791);
#794=DIRECTION('',(0.E0,0.E0,-1.E0));
#795=VECTOR('',#794,2.59E-1);
#796=CARTESIAN_POINT('',(-2.135E-1,-2.705E-1,2.915E-1));
#797=LINE('',#796,#795);
#798=CARTESIAN_POINT('',(-2.135E-1,-1.95E-1,3.25E-2));
#799=DIRECTION('',(1.E0,0.E0,0.E0));
#800=DIRECTION('',(0.E0,-1.E0,0.E0));
#801=AXIS2_PLACEMENT_3D('',#798,#799,#800);
#803=DIRECTION('',(0.E0,1.E0,0.E0));
#804=VECTOR('',#803,1.45E-1);
#805=CARTESIAN_POINT('',(-2.135E-1,-1.95E-1,-4.3E-2));
#806=LINE('',#805,#804);
#807=DIRECTION('',(0.E0,1.E0,0.E0));
#808=VECTOR('',#807,4.5E-1);
#809=CARTESIAN_POINT('',(-2.135E-1,5.E-2,-4.3E-2));
#810=LINE('',#809,#808);
#811=DIRECTION('',(-1.E0,0.E0,0.E0));
#812=VECTOR('',#811,4.5E-2);
#813=CARTESIAN_POINT('',(-2.135E-1,-1.95E-1,-8.8E-2));
#814=LINE('',#813,#812);
#815=DIRECTION('',(0.E0,1.E0,0.E0));
#816=VECTOR('',#815,1.45E-1);
#817=CARTESIAN_POINT('',(-2.135E-1,-1.95E-1,-8.8E-2));
#818=LINE('',#817,#816);
#819=DIRECTION('',(0.E0,1.E0,0.E0));
#820=VECTOR('',#819,4.5E-1);
#821=CARTESIAN_POINT('',(-2.135E-1,5.E-2,-8.8E-2));
#822=LINE('',#821,#820);
#823=DIRECTION('',(-1.E0,0.E0,0.E0));
#824=VECTOR('',#823,4.5E-2);
#825=CARTESIAN_POINT('',(-2.135E-1,-3.155E-1,3.25E-2));
#826=LINE('',#825,#824);
#827=CARTESIAN_POINT('',(-2.135E-1,-1.95E-1,3.25E-2));
#828=DIRECTION('',(1.E0,0.E0,0.E0));
#829=DIRECTION('',(0.E0,-1.E0,0.E0));
#830=AXIS2_PLACEMENT_3D('',#827,#828,#829);
#832=DIRECTION('',(0.E0,0.E0,-1.E0));
#833=VECTOR('',#832,2.59E-1);
#834=CARTESIAN_POINT('',(-2.135E-1,-3.155E-1,2.915E-1));
#835=LINE('',#834,#833);
#836=DIRECTION('',(-1.E0,0.E0,0.E0));
#837=VECTOR('',#836,4.5E-2);
#838=CARTESIAN_POINT('',(-2.135E-1,-3.155E-1,2.915E-1));
#839=LINE('',#838,#837);
#840=DIRECTION('',(0.E0,1.E0,0.E0));
#841=VECTOR('',#840,4.5E-2);
#842=CARTESIAN_POINT('',(-2.585E-1,-3.155E-1,2.915E-1));
#843=LINE('',#842,#841);
#844=DIRECTION('',(1.E0,0.E0,0.E0));
#845=VECTOR('',#844,4.5E-2);
#846=CARTESIAN_POINT('',(-2.585E-1,-2.705E-1,2.915E-1));
#847=LINE('',#846,#845);
#848=DIRECTION('',(0.E0,-1.E0,0.E0));
#849=VECTOR('',#848,4.5E-2);
#850=CARTESIAN_POINT('',(-2.135E-1,-2.705E-1,2.915E-1));
#851=LINE('',#850,#849);
#852=DIRECTION('',(0.E0,0.E0,-1.E0));
#853=VECTOR('',#852,2.59E-1);
#854=CARTESIAN_POINT('',(-2.585E-1,-2.705E-1,2.915E-1));
#855=LINE('',#854,#853);
#856=DIRECTION('',(1.E0,0.E0,0.E0));
#857=VECTOR('',#856,4.5E-2);
#858=CARTESIAN_POINT('',(-2.585E-1,-2.705E-1,3.25E-2));
#859=LINE('',#858,#857);
#860=CARTESIAN_POINT('',(-2.585E-1,-1.95E-1,3.25E-2));
#861=DIRECTION('',(1.E0,0.E0,0.E0));
#862=DIRECTION('',(0.E0,-1.E0,0.E0));
#863=AXIS2_PLACEMENT_3D('',#860,#861,#862);
#865=DIRECTION('',(-1.E0,0.E0,0.E0));
#866=VECTOR('',#865,4.5E-2);
#867=CARTESIAN_POINT('',(-2.135E-1,5.E-1,-8.8E-2));
#868=LINE('',#867,#866);
#869=DIRECTION('',(0.E0,0.E0,-1.E0));
#870=VECTOR('',#869,4.5E-2);
#871=CARTESIAN_POINT('',(-2.135E-1,5.E-1,-4.3E-2));
#872=LINE('',#871,#870);
#873=DIRECTION('',(1.E0,0.E0,0.E0));
#874=VECTOR('',#873,4.5E-2);
#875=CARTESIAN_POINT('',(-2.585E-1,5.E-1,-4.3E-2));
#876=LINE('',#875,#874);
#877=DIRECTION('',(0.E0,0.E0,1.E0));
#878=VECTOR('',#877,4.5E-2);
#879=CARTESIAN_POINT('',(-2.585E-1,5.E-1,-8.8E-2));
#880=LINE('',#879,#878);
#881=DIRECTION('',(0.E0,0.E0,-1.E0));
#882=VECTOR('',#881,2.59E-1);
#883=CARTESIAN_POINT('',(-4.145E-1,-3.155E-1,2.915E-1));
#884=LINE('',#883,#882);
#885=CARTESIAN_POINT('',(-4.145E-1,-1.95E-1,3.25E-2));
#886=DIRECTION('',(1.E0,0.E0,0.E0));
#887=DIRECTION('',(0.E0,-1.E0,0.E0));
#888=AXIS2_PLACEMENT_3D('',#885,#886,#887);
#890=DIRECTION('',(0.E0,1.E0,0.E0));
#891=VECTOR('',#890,1.45E-1);
#892=CARTESIAN_POINT('',(-4.145E-1,-1.95E-1,-8.8E-2));
#893=LINE('',#892,#891);
#894=DIRECTION('',(0.E0,1.E0,0.E0));
#895=VECTOR('',#894,4.5E-1);
#896=CARTESIAN_POINT('',(-4.145E-1,5.E-2,-8.8E-2));
#897=LINE('',#896,#895);
#898=DIRECTION('',(1.E0,0.E0,0.E0));
#899=VECTOR('',#898,4.5E-2);
#900=CARTESIAN_POINT('',(-4.145E-1,-1.95E-1,-4.3E-2));
#901=LINE('',#900,#899);
#902=DIRECTION('',(0.E0,1.E0,0.E0));
#903=VECTOR('',#902,1.45E-1);
#904=CARTESIAN_POINT('',(-4.145E-1,-1.95E-1,-4.3E-2));
#905=LINE('',#904,#903);
#906=DIRECTION('',(0.E0,1.E0,0.E0));
#907=VECTOR('',#906,4.5E-1);
#908=CARTESIAN_POINT('',(-4.145E-1,5.E-2,-4.3E-2));
#909=LINE('',#908,#907);
#910=DIRECTION('',(0.E0,0.E0,-1.E0));
#911=VECTOR('',#910,2.59E-1);
#912=CARTESIAN_POINT('',(-3.695E-1,-2.705E-1,2.915E-1));
#913=LINE('',#912,#911);
#914=CARTESIAN_POINT('',(-3.695E-1,-1.95E-1,3.25E-2));
#915=DIRECTION('',(1.E0,0.E0,0.E0));
#916=DIRECTION('',(0.E0,-1.E0,0.E0));
#917=AXIS2_PLACEMENT_3D('',#914,#915,#916);
#919=DIRECTION('',(0.E0,1.E0,0.E0));
#920=VECTOR('',#919,1.45E-1);
#921=CARTESIAN_POINT('',(-3.695E-1,-1.95E-1,-4.3E-2));
#922=LINE('',#921,#920);
#923=DIRECTION('',(0.E0,1.E0,0.E0));
#924=VECTOR('',#923,4.5E-1);
#925=CARTESIAN_POINT('',(-3.695E-1,5.E-2,-4.3E-2));
#926=LINE('',#925,#924);
#927=DIRECTION('',(-1.E0,0.E0,0.E0));
#928=VECTOR('',#927,4.5E-2);
#929=CARTESIAN_POINT('',(-3.695E-1,-1.95E-1,-8.8E-2));
#930=LINE('',#929,#928);
#931=DIRECTION('',(0.E0,1.E0,0.E0));
#932=VECTOR('',#931,1.45E-1);
#933=CARTESIAN_POINT('',(-3.695E-1,-1.95E-1,-8.8E-2));
#934=LINE('',#933,#932);
#935=DIRECTION('',(0.E0,1.E0,0.E0));
#936=VECTOR('',#935,4.5E-1);
#937=CARTESIAN_POINT('',(-3.695E-1,5.E-2,-8.8E-2));
#938=LINE('',#937,#936);
#939=DIRECTION('',(-1.E0,0.E0,0.E0));
#940=VECTOR('',#939,4.5E-2);
#941=CARTESIAN_POINT('',(-3.695E-1,-3.155E-1,3.25E-2));
#942=LINE('',#941,#940);
#943=CARTESIAN_POINT('',(-3.695E-1,-1.95E-1,3.25E-2));
#944=DIRECTION('',(1.E0,0.E0,0.E0));
#945=DIRECTION('',(0.E0,-1.E0,0.E0));
#946=AXIS2_PLACEMENT_3D('',#943,#944,#945);
#948=DIRECTION('',(0.E0,0.E0,-1.E0));
#949=VECTOR('',#948,2.59E-1);
#950=CARTESIAN_POINT('',(-3.695E-1,-3.155E-1,2.915E-1));
#951=LINE('',#950,#949);
#952=DIRECTION('',(-1.E0,0.E0,0.E0));
#953=VECTOR('',#952,4.5E-2);
#954=CARTESIAN_POINT('',(-3.695E-1,-3.155E-1,2.915E-1));
#955=LINE('',#954,#953);
#956=DIRECTION('',(0.E0,1.E0,0.E0));
#957=VECTOR('',#956,4.5E-2);
#958=CARTESIAN_POINT('',(-4.145E-1,-3.155E-1,2.915E-1));
#959=LINE('',#958,#957);
#960=DIRECTION('',(1.E0,0.E0,0.E0));
#961=VECTOR('',#960,4.5E-2);
#962=CARTESIAN_POINT('',(-4.145E-1,-2.705E-1,2.915E-1));
#963=LINE('',#962,#961);
#964=DIRECTION('',(0.E0,-1.E0,0.E0));
#965=VECTOR('',#964,4.5E-2);
#966=CARTESIAN_POINT('',(-3.695E-1,-2.705E-1,2.915E-1));
#967=LINE('',#966,#965);
#968=DIRECTION('',(0.E0,0.E0,-1.E0));
#969=VECTOR('',#968,2.59E-1);
#970=CARTESIAN_POINT('',(-4.145E-1,-2.705E-1,2.915E-1));
#971=LINE('',#970,#969);
#972=DIRECTION('',(1.E0,0.E0,0.E0));
#973=VECTOR('',#972,4.5E-2);
#974=CARTESIAN_POINT('',(-4.145E-1,-2.705E-1,3.25E-2));
#975=LINE('',#974,#973);
#976=CARTESIAN_POINT('',(-4.145E-1,-1.95E-1,3.25E-2));
#977=DIRECTION('',(1.E0,0.E0,0.E0));
#978=DIRECTION('',(0.E0,-1.E0,0.E0));
#979=AXIS2_PLACEMENT_3D('',#976,#977,#978);
#981=DIRECTION('',(-1.E0,0.E0,0.E0));
#982=VECTOR('',#981,4.5E-2);
#983=CARTESIAN_POINT('',(-3.695E-1,5.E-1,-8.8E-2));
#984=LINE('',#983,#982);
#985=DIRECTION('',(0.E0,0.E0,-1.E0));
#986=VECTOR('',#985,4.5E-2);
#987=CARTESIAN_POINT('',(-3.695E-1,5.E-1,-4.3E-2));
#988=LINE('',#987,#986);
#989=DIRECTION('',(1.E0,0.E0,0.E0));
#990=VECTOR('',#989,4.5E-2);
#991=CARTESIAN_POINT('',(-4.145E-1,5.E-1,-4.3E-2));
#992=LINE('',#991,#990);
#993=DIRECTION('',(0.E0,0.E0,1.E0));
#994=VECTOR('',#993,4.5E-2);
#995=CARTESIAN_POINT('',(-4.145E-1,5.E-1,-8.8E-2));
#996=LINE('',#995,#994);
#997=DIRECTION('',(0.E0,7.071067811865E-1,7.071067811865E-1));
#998=VECTOR('',#997,7.116652224137E-2);
#999=CARTESIAN_POINT('',(2.5E-2,-3.223304703376E-4,-1.858223304703E-1));
#1000=LINE('',#999,#998);
#1001=DIRECTION('',(-1.E0,0.E0,0.E0));
#1002=VECTOR('',#1001,3.65E-1);
#1003=CARTESIAN_POINT('',(3.9E-1,-3.223304703376E-4,-1.858223304703E-1));
#1004=LINE('',#1003,#1002);
#1005=DIRECTION('',(0.E0,7.071067811865E-1,7.071067811865E-1));
#1006=VECTOR('',#1005,7.116652224137E-2);
#1007=CARTESIAN_POINT('',(-2.5E-2,-3.223304703376E-4,-1.858223304703E-1));
#1008=LINE('',#1007,#1006);
#1009=DIRECTION('',(-1.E0,0.E0,0.E0));
#1010=VECTOR('',#1009,3.65E-1);
#1011=CARTESIAN_POINT('',(-2.5E-2,-3.223304703376E-4,-1.858223304703E-1));
#1012=LINE('',#1011,#1010);
#1013=DIRECTION('',(0.E0,0.E0,-1.E0));
#1014=VECTOR('',#1013,4.8E-2);
#1015=CARTESIAN_POINT('',(2.5E-2,-8.E-2,-1.355E-1));
#1016=LINE('',#1015,#1014);
#1017=DIRECTION('',(-1.E0,0.E0,0.E0));
#1018=VECTOR('',#1017,3.65E-1);
#1019=CARTESIAN_POINT('',(3.9E-1,-8.E-2,-1.355E-1));
#1020=LINE('',#1019,#1018);
#1021=DIRECTION('',(0.E0,0.E0,-1.E0));
#1022=VECTOR('',#1021,4.8E-2);
#1023=CARTESIAN_POINT('',(-2.5E-2,-8.E-2,-1.355E-1));
#1024=LINE('',#1023,#1022);
#1025=DIRECTION('',(-1.E0,0.E0,0.E0));
#1026=VECTOR('',#1025,3.65E-1);
#1027=CARTESIAN_POINT('',(-2.5E-2,-8.E-2,-1.355E-1));
#1028=LINE('',#1027,#1026);
#1029=DIRECTION('',(0.E0,-1.E0,0.E0));
#1030=VECTOR('',#1029,3.E-2);
#1031=CARTESIAN_POINT('',(2.5E-2,-5.E-2,-1.355E-1));
#1032=LINE('',#1031,#1030);
#1033=DIRECTION('',(0.E0,-1.E0,0.E0));
#1034=VECTOR('',#1033,3.E-2);
#1035=CARTESIAN_POINT('',(-2.5E-2,-5.E-2,-1.355E-1));
#1036=LINE('',#1035,#1034);
#1037=DIRECTION('',(0.E0,7.071067811865E-1,7.071067811865E-1));
#1038=VECTOR('',#1037,7.116652224137E-2);
#1039=CARTESIAN_POINT('',(3.9E-1,-3.223304703376E-4,-1.858223304703E-1));
#1040=LINE('',#1039,#1038);
#1041=CARTESIAN_POINT('',(3.9E-1,1.735533905933E-2,-2.035E-1));
#1042=DIRECTION('',(-1.E0,0.E0,0.E0));
#1043=DIRECTION('',(0.E0,0.E0,-1.E0));
#1044=AXIS2_PLACEMENT_3D('',#1041,#1042,#1043);
#1046=DIRECTION('',(0.E0,-1.E0,0.E0));
#1047=VECTOR('',#1046,9.551262658471E-2);
#1048=CARTESIAN_POINT('',(3.9E-1,1.128679656440E-1,-2.285E-1));
#1049=LINE('',#1048,#1047);
#1050=CARTESIAN_POINT('',(3.9E-1,1.128679656440E-1,-1.535E-1));
#1051=DIRECTION('',(-1.E0,0.E0,0.E0));
#1052=DIRECTION('',(0.E0,7.071067811865E-1,-7.071067811865E-1));
#1053=AXIS2_PLACEMENT_3D('',#1050,#1051,#1052);
#1055=DIRECTION('',(0.E0,-7.071067811865E-1,-7.071067811865E-1));
#1056=VECTOR('',#1055,3.403448788541E-2);
#1057=CARTESIAN_POINT('',(3.9E-1,1.899669914110E-1,-1.824669914110E-1));
#1058=LINE('',#1057,#1056);
#1059=CARTESIAN_POINT('',(3.9E-1,2.43E-1,-2.355E-1));
#1060=DIRECTION('',(1.E0,0.E0,0.E0));
#1061=DIRECTION('',(0.E0,5.735764363510E-1,8.191520442890E-1));
#1062=AXIS2_PLACEMENT_3D('',#1059,#1060,#1061);
#1064=DIRECTION('',(0.E0,-8.191520442890E-1,5.735764363510E-1));
#1065=VECTOR('',#1064,9.763970905193E-2);
#1066=CARTESIAN_POINT('',(3.9E-1,3.66E-1,-2.300674330427E-1));
#1067=LINE('',#1066,#1065);
#1068=DIRECTION('',(0.E0,0.E0,1.E0));
#1069=VECTOR('',#1068,2.843256695732E-2);
#1070=CARTESIAN_POINT('',(3.9E-1,3.66E-1,-2.585E-1));
#1071=LINE('',#1070,#1069);
#1072=DIRECTION('',(0.E0,1.E0,0.E0));
#1073=VECTOR('',#1072,3.71E-1);
#1074=CARTESIAN_POINT('',(3.9E-1,-5.E-3,-2.585E-1));
#1075=LINE('',#1074,#1073);
#1076=CARTESIAN_POINT('',(3.9E-1,-5.E-3,-1.835E-1));
#1077=DIRECTION('',(1.E0,0.E0,0.E0));
#1078=DIRECTION('',(0.E0,-1.E0,0.E0));
#1079=AXIS2_PLACEMENT_3D('',#1076,#1077,#1078);
#1081=DIRECTION('',(0.E0,0.E0,-1.E0));
#1082=VECTOR('',#1081,4.8E-2);
#1083=CARTESIAN_POINT('',(3.9E-1,-8.E-2,-1.355E-1));
#1084=LINE('',#1083,#1082);
#1085=DIRECTION('',(0.E0,-1.E0,0.E0));
#1086=VECTOR('',#1085,3.E-2);
#1087=CARTESIAN_POINT('',(3.9E-1,-5.E-2,-1.355E-1));
#1088=LINE('',#1087,#1086);
#1089=DIRECTION('',(0.E0,1.E0,0.E0));
#1090=VECTOR('',#1089,1.E-1);
#1091=CARTESIAN_POINT('',(3.9E-1,-5.E-2,-1.355E-1));
#1092=LINE('',#1091,#1090);
#1093=DIRECTION('',(1.E0,0.E0,0.E0));
#1094=VECTOR('',#1093,7.5E-2);
#1095=CARTESIAN_POINT('',(3.9E-1,-5.E-2,-1.355E-1));
#1096=LINE('',#1095,#1094);
#1097=DIRECTION('',(0.E0,1.E0,0.E0));
#1098=VECTOR('',#1097,1.E-1);
#1099=CARTESIAN_POINT('',(-3.9E-1,-5.E-2,-1.355E-1));
#1100=LINE('',#1099,#1098);
#1101=DIRECTION('',(1.E0,0.E0,0.E0));
#1102=VECTOR('',#1101,7.5E-2);
#1103=CARTESIAN_POINT('',(-4.65E-1,-5.E-2,-1.355E-1));
#1104=LINE('',#1103,#1102);
#1105=DIRECTION('',(0.E0,0.E0,-1.E0));
#1106=VECTOR('',#1105,2.11E-1);
#1107=CARTESIAN_POINT('',(4.65E-1,-5.E-2,7.55E-2));
#1108=LINE('',#1107,#1106);
#1109=DIRECTION('',(0.E0,1.E0,0.E0));
#1110=VECTOR('',#1109,3.E-2);
#1111=CARTESIAN_POINT('',(4.65E-1,-8.E-2,7.55E-2));
#1112=LINE('',#1111,#1110);
#1113=DIRECTION('',(0.E0,0.E0,-1.E0));
#1114=VECTOR('',#1113,6.E-2);
#1115=CARTESIAN_POINT('',(4.65E-1,-8.E-2,1.355E-1));
#1116=LINE('',#1115,#1114);
#1117=DIRECTION('',(0.E0,-1.E0,0.E0));
#1118=VECTOR('',#1117,5.267949192431E-2);
#1119=CARTESIAN_POINT('',(4.65E-1,-2.732050807569E-2,1.355E-1));
#1120=LINE('',#1119,#1118);
#1121=DIRECTION('',(0.E0,0.E0,1.E0));
#1122=VECTOR('',#1121,1.E-2);
#1123=CARTESIAN_POINT('',(4.65E-1,-2.732050807569E-2,1.255E-1));
#1124=LINE('',#1123,#1122);
#1125=DIRECTION('',(0.E0,-1.E0,0.E0));
#1126=VECTOR('',#1125,2.5E-2);
#1127=CARTESIAN_POINT('',(4.65E-1,-2.320508075690E-3,1.255E-1));
#1128=LINE('',#1127,#1126);
#1129=DIRECTION('',(0.E0,-8.660254037845E-1,-5.E-1));
#1130=VECTOR('',#1129,2.E-2);
#1131=CARTESIAN_POINT('',(4.65E-1,1.5E-2,1.355E-1));
#1132=LINE('',#1131,#1130);
#1133=DIRECTION('',(0.E0,-1.E0,0.E0));
#1134=VECTOR('',#1133,3.5E-2);
#1135=CARTESIAN_POINT('',(4.65E-1,5.E-2,1.355E-1));
#1136=LINE('',#1135,#1134);
#1137=DIRECTION('',(0.E0,0.E0,1.E0));
#1138=VECTOR('',#1137,2.71E-1);
#1139=CARTESIAN_POINT('',(4.65E-1,5.E-2,-1.355E-1));
#1140=LINE('',#1139,#1138);
#1141=DIRECTION('',(0.E0,1.E0,0.E0));
#1142=VECTOR('',#1141,1.E-1);
#1143=CARTESIAN_POINT('',(4.65E-1,-5.E-2,-1.355E-1));
#1144=LINE('',#1143,#1142);
#1145=DIRECTION('',(0.E0,1.E0,0.E0));
#1146=VECTOR('',#1145,3.E-2);
#1147=CARTESIAN_POINT('',(4.42E-1,-8.E-2,7.55E-2));
#1148=LINE('',#1147,#1146);
#1149=DIRECTION('',(1.E0,0.E0,0.E0));
#1150=VECTOR('',#1149,2.3E-2);
#1151=CARTESIAN_POINT('',(4.42E-1,-8.E-2,7.55E-2));
#1152=LINE('',#1151,#1150);
#1153=DIRECTION('',(0.E0,1.E0,0.E0));
#1154=VECTOR('',#1153,3.E-2);
#1155=CARTESIAN_POINT('',(2.86E-1,-8.E-2,7.55E-2));
#1156=LINE('',#1155,#1154);
#1157=DIRECTION('',(1.E0,0.E0,0.E0));
#1158=VECTOR('',#1157,5.2E-2);
#1159=CARTESIAN_POINT('',(2.86E-1,-8.E-2,7.55E-2));
#1160=LINE('',#1159,#1158);
#1161=DIRECTION('',(0.E0,1.E0,0.E0));
#1162=VECTOR('',#1161,3.E-2);
#1163=CARTESIAN_POINT('',(3.38E-1,-8.E-2,7.55E-2));
#1164=LINE('',#1163,#1162);
#1165=DIRECTION('',(0.E0,1.E0,0.E0));
#1166=VECTOR('',#1165,3.E-2);
#1167=CARTESIAN_POINT('',(1.3E-1,-8.E-2,7.55E-2));
#1168=LINE('',#1167,#1166);
#1169=DIRECTION('',(1.E0,0.E0,0.E0));
#1170=VECTOR('',#1169,5.2E-2);
#1171=CARTESIAN_POINT('',(1.3E-1,-8.E-2,7.55E-2));
#1172=LINE('',#1171,#1170);
#1173=DIRECTION('',(0.E0,1.E0,0.E0));
#1174=VECTOR('',#1173,3.E-2);
#1175=CARTESIAN_POINT('',(1.82E-1,-8.E-2,7.55E-2));
#1176=LINE('',#1175,#1174);
#1177=DIRECTION('',(0.E0,1.E0,0.E0));
#1178=VECTOR('',#1177,3.E-2);
#1179=CARTESIAN_POINT('',(-2.6E-2,-8.E-2,7.55E-2));
#1180=LINE('',#1179,#1178);
#1181=DIRECTION('',(1.E0,0.E0,0.E0));
#1182=VECTOR('',#1181,5.2E-2);
#1183=CARTESIAN_POINT('',(-2.6E-2,-8.E-2,7.55E-2));
#1184=LINE('',#1183,#1182);
#1185=DIRECTION('',(0.E0,1.E0,0.E0));
#1186=VECTOR('',#1185,3.E-2);
#1187=CARTESIAN_POINT('',(2.6E-2,-8.E-2,7.55E-2));
#1188=LINE('',#1187,#1186);
#1189=DIRECTION('',(0.E0,1.E0,0.E0));
#1190=VECTOR('',#1189,3.E-2);
#1191=CARTESIAN_POINT('',(-1.82E-1,-8.E-2,7.55E-2));
#1192=LINE('',#1191,#1190);
#1193=DIRECTION('',(1.E0,0.E0,0.E0));
#1194=VECTOR('',#1193,5.2E-2);
#1195=CARTESIAN_POINT('',(-1.82E-1,-8.E-2,7.55E-2));
#1196=LINE('',#1195,#1194);
#1197=DIRECTION('',(0.E0,1.E0,0.E0));
#1198=VECTOR('',#1197,3.E-2);
#1199=CARTESIAN_POINT('',(-1.3E-1,-8.E-2,7.55E-2));
#1200=LINE('',#1199,#1198);
#1201=DIRECTION('',(0.E0,1.E0,0.E0));
#1202=VECTOR('',#1201,3.E-2);
#1203=CARTESIAN_POINT('',(-4.42E-1,-8.E-2,7.55E-2));
#1204=LINE('',#1203,#1202);
#1205=DIRECTION('',(1.E0,0.E0,0.E0));
#1206=VECTOR('',#1205,2.3E-2);
#1207=CARTESIAN_POINT('',(-4.65E-1,-8.E-2,7.55E-2));
#1208=LINE('',#1207,#1206);
#1209=DIRECTION('',(0.E0,1.E0,0.E0));
#1210=VECTOR('',#1209,3.E-2);
#1211=CARTESIAN_POINT('',(-3.38E-1,-8.E-2,7.55E-2));
#1212=LINE('',#1211,#1210);
#1213=DIRECTION('',(1.E0,0.E0,0.E0));
#1214=VECTOR('',#1213,5.2E-2);
#1215=CARTESIAN_POINT('',(-3.38E-1,-8.E-2,7.55E-2));
#1216=LINE('',#1215,#1214);
#1217=DIRECTION('',(0.E0,1.E0,0.E0));
#1218=VECTOR('',#1217,3.E-2);
#1219=CARTESIAN_POINT('',(-2.86E-1,-8.E-2,7.55E-2));
#1220=LINE('',#1219,#1218);
#1221=DIRECTION('',(0.E0,1.E0,0.E0));
#1222=VECTOR('',#1221,3.E-2);
#1223=CARTESIAN_POINT('',(-4.42E-1,-8.E-2,1.355E-1));
#1224=LINE('',#1223,#1222);
#1225=DIRECTION('',(1.E0,0.E0,0.E0));
#1226=VECTOR('',#1225,9.3E-1);
#1227=CARTESIAN_POINT('',(-4.65E-1,-2.732050807569E-2,1.355E-1));
#1228=LINE('',#1227,#1226);
#1229=DIRECTION('',(0.E0,1.E0,0.E0));
#1230=VECTOR('',#1229,3.E-2);
#1231=CARTESIAN_POINT('',(4.42E-1,-8.E-2,1.355E-1));
#1232=LINE('',#1231,#1230);
#1233=DIRECTION('',(-1.E0,0.E0,0.E0));
#1234=VECTOR('',#1233,1.04E-1);
#1235=CARTESIAN_POINT('',(4.42E-1,-5.E-2,1.355E-1));
#1236=LINE('',#1235,#1234);
#1237=DIRECTION('',(0.E0,1.E0,0.E0));
#1238=VECTOR('',#1237,3.E-2);
#1239=CARTESIAN_POINT('',(3.38E-1,-8.E-2,1.355E-1));
#1240=LINE('',#1239,#1238);
#1241=DIRECTION('',(0.E0,1.E0,0.E0));
#1242=VECTOR('',#1241,3.E-2);
#1243=CARTESIAN_POINT('',(2.86E-1,-8.E-2,1.355E-1));
#1244=LINE('',#1243,#1242);
#1245=DIRECTION('',(-1.E0,0.E0,0.E0));
#1246=VECTOR('',#1245,1.04E-1);
#1247=CARTESIAN_POINT('',(2.86E-1,-5.E-2,1.355E-1));
#1248=LINE('',#1247,#1246);
#1249=DIRECTION('',(0.E0,1.E0,0.E0));
#1250=VECTOR('',#1249,3.E-2);
#1251=CARTESIAN_POINT('',(1.82E-1,-8.E-2,1.355E-1));
#1252=LINE('',#1251,#1250);
#1253=DIRECTION('',(0.E0,1.E0,0.E0));
#1254=VECTOR('',#1253,3.E-2);
#1255=CARTESIAN_POINT('',(1.3E-1,-8.E-2,1.355E-1));
#1256=LINE('',#1255,#1254);
#1257=DIRECTION('',(-1.E0,0.E0,0.E0));
#1258=VECTOR('',#1257,1.04E-1);
#1259=CARTESIAN_POINT('',(1.3E-1,-5.E-2,1.355E-1));
#1260=LINE('',#1259,#1258);
#1261=DIRECTION('',(0.E0,1.E0,0.E0));
#1262=VECTOR('',#1261,3.E-2);
#1263=CARTESIAN_POINT('',(2.6E-2,-8.E-2,1.355E-1));
#1264=LINE('',#1263,#1262);
#1265=DIRECTION('',(0.E0,1.E0,0.E0));
#1266=VECTOR('',#1265,3.E-2);
#1267=CARTESIAN_POINT('',(-2.6E-2,-8.E-2,1.355E-1));
#1268=LINE('',#1267,#1266);
#1269=DIRECTION('',(-1.E0,0.E0,0.E0));
#1270=VECTOR('',#1269,1.04E-1);
#1271=CARTESIAN_POINT('',(-2.6E-2,-5.E-2,1.355E-1));
#1272=LINE('',#1271,#1270);
#1273=DIRECTION('',(0.E0,1.E0,0.E0));
#1274=VECTOR('',#1273,3.E-2);
#1275=CARTESIAN_POINT('',(-1.3E-1,-8.E-2,1.355E-1));
#1276=LINE('',#1275,#1274);
#1277=DIRECTION('',(0.E0,1.E0,0.E0));
#1278=VECTOR('',#1277,3.E-2);
#1279=CARTESIAN_POINT('',(-1.82E-1,-8.E-2,1.355E-1));
#1280=LINE('',#1279,#1278);
#1281=DIRECTION('',(-1.E0,0.E0,0.E0));
#1282=VECTOR('',#1281,1.04E-1);
#1283=CARTESIAN_POINT('',(-1.82E-1,-5.E-2,1.355E-1));
#1284=LINE('',#1283,#1282);
#1285=DIRECTION('',(0.E0,1.E0,0.E0));
#1286=VECTOR('',#1285,3.E-2);
#1287=CARTESIAN_POINT('',(-2.86E-1,-8.E-2,1.355E-1));
#1288=LINE('',#1287,#1286);
#1289=DIRECTION('',(0.E0,1.E0,0.E0));
#1290=VECTOR('',#1289,3.E-2);
#1291=CARTESIAN_POINT('',(-3.38E-1,-8.E-2,1.355E-1));
#1292=LINE('',#1291,#1290);
#1293=DIRECTION('',(-1.E0,0.E0,0.E0));
#1294=VECTOR('',#1293,1.04E-1);
#1295=CARTESIAN_POINT('',(-3.38E-1,-5.E-2,1.355E-1));
#1296=LINE('',#1295,#1294);
#1297=DIRECTION('',(0.E0,0.E0,-1.E0));
#1298=VECTOR('',#1297,6.E-2);
#1299=CARTESIAN_POINT('',(-4.42E-1,-5.E-2,1.355E-1));
#1300=LINE('',#1299,#1298);
#1301=DIRECTION('',(0.E0,0.E0,-1.E0));
#1302=VECTOR('',#1301,6.E-2);
#1303=CARTESIAN_POINT('',(4.42E-1,-8.E-2,1.355E-1));
#1304=LINE('',#1303,#1302);
#1305=DIRECTION('',(1.E0,0.E0,0.E0));
#1306=VECTOR('',#1305,2.3E-2);
#1307=CARTESIAN_POINT('',(4.42E-1,-8.E-2,1.355E-1));
#1308=LINE('',#1307,#1306);
#1309=DIRECTION('',(0.E0,0.E0,-1.E0));
#1310=VECTOR('',#1309,6.E-2);
#1311=CARTESIAN_POINT('',(2.86E-1,-8.E-2,1.355E-1));
#1312=LINE('',#1311,#1310);
#1313=DIRECTION('',(1.E0,0.E0,0.E0));
#1314=VECTOR('',#1313,5.2E-2);
#1315=CARTESIAN_POINT('',(2.86E-1,-8.E-2,1.355E-1));
#1316=LINE('',#1315,#1314);
#1317=DIRECTION('',(0.E0,0.E0,-1.E0));
#1318=VECTOR('',#1317,6.E-2);
#1319=CARTESIAN_POINT('',(3.38E-1,-8.E-2,1.355E-1));
#1320=LINE('',#1319,#1318);
#1321=DIRECTION('',(0.E0,0.E0,-1.E0));
#1322=VECTOR('',#1321,6.E-2);
#1323=CARTESIAN_POINT('',(1.3E-1,-8.E-2,1.355E-1));
#1324=LINE('',#1323,#1322);
#1325=DIRECTION('',(1.E0,0.E0,0.E0));
#1326=VECTOR('',#1325,5.2E-2);
#1327=CARTESIAN_POINT('',(1.3E-1,-8.E-2,1.355E-1));
#1328=LINE('',#1327,#1326);
#1329=DIRECTION('',(0.E0,0.E0,-1.E0));
#1330=VECTOR('',#1329,6.E-2);
#1331=CARTESIAN_POINT('',(1.82E-1,-8.E-2,1.355E-1));
#1332=LINE('',#1331,#1330);
#1333=DIRECTION('',(0.E0,0.E0,-1.E0));
#1334=VECTOR('',#1333,6.E-2);
#1335=CARTESIAN_POINT('',(-2.6E-2,-8.E-2,1.355E-1));
#1336=LINE('',#1335,#1334);
#1337=DIRECTION('',(1.E0,0.E0,0.E0));
#1338=VECTOR('',#1337,5.2E-2);
#1339=CARTESIAN_POINT('',(-2.6E-2,-8.E-2,1.355E-1));
#1340=LINE('',#1339,#1338);
#1341=DIRECTION('',(0.E0,0.E0,-1.E0));
#1342=VECTOR('',#1341,6.E-2);
#1343=CARTESIAN_POINT('',(2.6E-2,-8.E-2,1.355E-1));
#1344=LINE('',#1343,#1342);
#1345=DIRECTION('',(0.E0,0.E0,-1.E0));
#1346=VECTOR('',#1345,6.E-2);
#1347=CARTESIAN_POINT('',(-1.82E-1,-8.E-2,1.355E-1));
#1348=LINE('',#1347,#1346);
#1349=DIRECTION('',(1.E0,0.E0,0.E0));
#1350=VECTOR('',#1349,5.2E-2);
#1351=CARTESIAN_POINT('',(-1.82E-1,-8.E-2,1.355E-1));
#1352=LINE('',#1351,#1350);
#1353=DIRECTION('',(0.E0,0.E0,-1.E0));
#1354=VECTOR('',#1353,6.E-2);
#1355=CARTESIAN_POINT('',(-1.3E-1,-8.E-2,1.355E-1));
#1356=LINE('',#1355,#1354);
#1357=DIRECTION('',(0.E0,0.E0,-1.E0));
#1358=VECTOR('',#1357,6.E-2);
#1359=CARTESIAN_POINT('',(-4.42E-1,-8.E-2,1.355E-1));
#1360=LINE('',#1359,#1358);
#1361=DIRECTION('',(1.E0,0.E0,0.E0));
#1362=VECTOR('',#1361,2.3E-2);
#1363=CARTESIAN_POINT('',(-4.65E-1,-8.E-2,1.355E-1));
#1364=LINE('',#1363,#1362);
#1365=DIRECTION('',(0.E0,0.E0,-1.E0));
#1366=VECTOR('',#1365,6.E-2);
#1367=CARTESIAN_POINT('',(-3.38E-1,-8.E-2,1.355E-1));
#1368=LINE('',#1367,#1366);
#1369=DIRECTION('',(1.E0,0.E0,0.E0));
#1370=VECTOR('',#1369,5.2E-2);
#1371=CARTESIAN_POINT('',(-3.38E-1,-8.E-2,1.355E-1));
#1372=LINE('',#1371,#1370);
#1373=DIRECTION('',(0.E0,0.E0,-1.E0));
#1374=VECTOR('',#1373,6.E-2);
#1375=CARTESIAN_POINT('',(-2.86E-1,-8.E-2,1.355E-1));
#1376=LINE('',#1375,#1374);
#1377=DIRECTION('',(0.E0,0.E0,-1.E0));
#1378=VECTOR('',#1377,6.E-2);
#1379=CARTESIAN_POINT('',(3.38E-1,-5.E-2,1.355E-1));
#1380=LINE('',#1379,#1378);
#1381=DIRECTION('',(0.E0,0.E0,-1.E0));
#1382=VECTOR('',#1381,6.E-2);
#1383=CARTESIAN_POINT('',(1.82E-1,-5.E-2,1.355E-1));
#1384=LINE('',#1383,#1382);
#1385=DIRECTION('',(0.E0,0.E0,-1.E0));
#1386=VECTOR('',#1385,6.E-2);
#1387=CARTESIAN_POINT('',(2.6E-2,-5.E-2,1.355E-1));
#1388=LINE('',#1387,#1386);
#1389=DIRECTION('',(0.E0,0.E0,-1.E0));
#1390=VECTOR('',#1389,6.E-2);
#1391=CARTESIAN_POINT('',(-1.3E-1,-5.E-2,1.355E-1));
#1392=LINE('',#1391,#1390);
#1393=DIRECTION('',(0.E0,0.E0,-1.E0));
#1394=VECTOR('',#1393,6.E-2);
#1395=CARTESIAN_POINT('',(-2.86E-1,-5.E-2,1.355E-1));
#1396=LINE('',#1395,#1394);
#1397=DIRECTION('',(1.E0,0.E0,0.E0));
#1398=VECTOR('',#1397,9.3E-1);
#1399=CARTESIAN_POINT('',(-4.65E-1,-2.732050807569E-2,1.255E-1));
#1400=LINE('',#1399,#1398);
#1401=DIRECTION('',(1.E0,0.E0,0.E0));
#1402=VECTOR('',#1401,9.3E-1);
#1403=CARTESIAN_POINT('',(-4.65E-1,-2.320508075690E-3,1.255E-1));
#1404=LINE('',#1403,#1402);
#1405=DIRECTION('',(1.E0,0.E0,0.E0));
#1406=VECTOR('',#1405,9.3E-1);
#1407=CARTESIAN_POINT('',(-4.65E-1,1.5E-2,1.355E-1));
#1408=LINE('',#1407,#1406);
#1409=DIRECTION('',(1.E0,0.E0,0.E0));
#1410=VECTOR('',#1409,9.3E-1);
#1411=CARTESIAN_POINT('',(-4.65E-1,5.E-2,1.355E-1));
#1412=LINE('',#1411,#1410);
#1413=DIRECTION('',(0.E0,-1.E0,0.E0));
#1414=VECTOR('',#1413,3.E-2);
#1415=CARTESIAN_POINT('',(-3.9E-1,-5.E-2,-1.355E-1));
#1416=LINE('',#1415,#1414);
#1417=DIRECTION('',(0.E0,0.E0,-1.E0));
#1418=VECTOR('',#1417,4.8E-2);
#1419=CARTESIAN_POINT('',(-3.9E-1,-8.E-2,-1.355E-1));
#1420=LINE('',#1419,#1418);
#1421=CARTESIAN_POINT('',(-3.9E-1,-5.E-3,-1.835E-1));
#1422=DIRECTION('',(1.E0,0.E0,0.E0));
#1423=DIRECTION('',(0.E0,-1.E0,0.E0));
#1424=AXIS2_PLACEMENT_3D('',#1421,#1422,#1423);
#1426=DIRECTION('',(0.E0,1.E0,0.E0));
#1427=VECTOR('',#1426,3.71E-1);
#1428=CARTESIAN_POINT('',(-3.9E-1,-5.E-3,-2.585E-1));
#1429=LINE('',#1428,#1427);
#1430=DIRECTION('',(0.E0,0.E0,1.E0));
#1431=VECTOR('',#1430,2.843256695732E-2);
#1432=CARTESIAN_POINT('',(-3.9E-1,3.66E-1,-2.585E-1));
#1433=LINE('',#1432,#1431);
#1434=DIRECTION('',(0.E0,-8.191520442890E-1,5.735764363510E-1));
#1435=VECTOR('',#1434,9.763970905193E-2);
#1436=CARTESIAN_POINT('',(-3.9E-1,3.66E-1,-2.300674330427E-1));
#1437=LINE('',#1436,#1435);
#1438=CARTESIAN_POINT('',(-3.9E-1,2.43E-1,-2.355E-1));
#1439=DIRECTION('',(1.E0,0.E0,0.E0));
#1440=DIRECTION('',(0.E0,5.735764363510E-1,8.191520442890E-1));
#1441=AXIS2_PLACEMENT_3D('',#1438,#1439,#1440);
#1443=DIRECTION('',(0.E0,-7.071067811865E-1,-7.071067811865E-1));
#1444=VECTOR('',#1443,3.403448788541E-2);
#1445=CARTESIAN_POINT('',(-3.9E-1,1.899669914110E-1,-1.824669914110E-1));
#1446=LINE('',#1445,#1444);
#1447=CARTESIAN_POINT('',(-3.9E-1,1.128679656440E-1,-1.535E-1));
#1448=DIRECTION('',(-1.E0,0.E0,0.E0));
#1449=DIRECTION('',(0.E0,7.071067811865E-1,-7.071067811865E-1));
#1450=AXIS2_PLACEMENT_3D('',#1447,#1448,#1449);
#1452=DIRECTION('',(0.E0,-1.E0,0.E0));
#1453=VECTOR('',#1452,9.551262658471E-2);
#1454=CARTESIAN_POINT('',(-3.9E-1,1.128679656440E-1,-2.285E-1));
#1455=LINE('',#1454,#1453);
#1456=CARTESIAN_POINT('',(-3.9E-1,1.735533905933E-2,-2.035E-1));
#1457=DIRECTION('',(-1.E0,0.E0,0.E0));
#1458=DIRECTION('',(0.E0,0.E0,-1.E0));
#1459=AXIS2_PLACEMENT_3D('',#1456,#1457,#1458);
#1461=DIRECTION('',(0.E0,7.071067811865E-1,7.071067811865E-1));
#1462=VECTOR('',#1461,7.116652224137E-2);
#1463=CARTESIAN_POINT('',(-3.9E-1,-3.223304703376E-4,-1.858223304703E-1));
#1464=LINE('',#1463,#1462);
#1465=CARTESIAN_POINT('',(2.5E-2,-5.E-3,-1.835E-1));
#1466=DIRECTION('',(1.E0,0.E0,0.E0));
#1467=DIRECTION('',(0.E0,-1.E0,0.E0));
#1468=AXIS2_PLACEMENT_3D('',#1465,#1466,#1467);
#1470=DIRECTION('',(-1.E0,0.E0,0.E0));
#1471=VECTOR('',#1470,3.65E-1);
#1472=CARTESIAN_POINT('',(3.9E-1,-8.E-2,-1.835E-1));
#1473=LINE('',#1472,#1471);
#1474=CARTESIAN_POINT('',(-2.5E-2,-5.E-3,-1.835E-1));
#1475=DIRECTION('',(1.E0,0.E0,0.E0));
#1476=DIRECTION('',(0.E0,-1.E0,0.E0));
#1477=AXIS2_PLACEMENT_3D('',#1474,#1475,#1476);
#1479=DIRECTION('',(-1.E0,0.E0,0.E0));
#1480=VECTOR('',#1479,3.65E-1);
#1481=CARTESIAN_POINT('',(-2.5E-2,-8.E-2,-1.835E-1));
#1482=LINE('',#1481,#1480);
#1483=DIRECTION('',(0.E0,1.E0,0.E0));
#1484=VECTOR('',#1483,3.71E-1);
#1485=CARTESIAN_POINT('',(2.5E-2,-5.E-3,-2.585E-1));
#1486=LINE('',#1485,#1484);
#1487=DIRECTION('',(-1.E0,0.E0,0.E0));
#1488=VECTOR('',#1487,3.65E-1);
#1489=CARTESIAN_POINT('',(3.9E-1,-5.E-3,-2.585E-1));
#1490=LINE('',#1489,#1488);
#1491=DIRECTION('',(0.E0,1.E0,0.E0));
#1492=VECTOR('',#1491,3.71E-1);
#1493=CARTESIAN_POINT('',(-2.5E-2,-5.E-3,-2.585E-1));
#1494=LINE('',#1493,#1492);
#1495=DIRECTION('',(-1.E0,0.E0,0.E0));
#1496=VECTOR('',#1495,3.65E-1);
#1497=CARTESIAN_POINT('',(-2.5E-2,-5.E-3,-2.585E-1));
#1498=LINE('',#1497,#1496);
#1499=DIRECTION('',(0.E0,0.E0,1.E0));
#1500=VECTOR('',#1499,2.843256695732E-2);
#1501=CARTESIAN_POINT('',(2.5E-2,3.66E-1,-2.585E-1));
#1502=LINE('',#1501,#1500);
#1503=DIRECTION('',(-1.E0,0.E0,0.E0));
#1504=VECTOR('',#1503,3.65E-1);
#1505=CARTESIAN_POINT('',(3.9E-1,3.66E-1,-2.585E-1));
#1506=LINE('',#1505,#1504);
#1507=DIRECTION('',(0.E0,0.E0,1.E0));
#1508=VECTOR('',#1507,2.843256695732E-2);
#1509=CARTESIAN_POINT('',(-2.5E-2,3.66E-1,-2.585E-1));
#1510=LINE('',#1509,#1508);
#1511=DIRECTION('',(-1.E0,0.E0,0.E0));
#1512=VECTOR('',#1511,3.65E-1);
#1513=CARTESIAN_POINT('',(-2.5E-2,3.66E-1,-2.585E-1));
#1514=LINE('',#1513,#1512);
#1515=DIRECTION('',(0.E0,-8.191520442890E-1,5.735764363510E-1));
#1516=VECTOR('',#1515,9.763970905193E-2);
#1517=CARTESIAN_POINT('',(2.5E-2,3.66E-1,-2.300674330427E-1));
#1518=LINE('',#1517,#1516);
#1519=DIRECTION('',(-1.E0,0.E0,0.E0));
#1520=VECTOR('',#1519,3.65E-1);
#1521=CARTESIAN_POINT('',(3.9E-1,3.66E-1,-2.300674330427E-1));
#1522=LINE('',#1521,#1520);
#1523=DIRECTION('',(0.E0,-8.191520442890E-1,5.735764363510E-1));
#1524=VECTOR('',#1523,9.763970905193E-2);
#1525=CARTESIAN_POINT('',(-2.5E-2,3.66E-1,-2.300674330427E-1));
#1526=LINE('',#1525,#1524);
#1527=DIRECTION('',(-1.E0,0.E0,0.E0));
#1528=VECTOR('',#1527,3.65E-1);
#1529=CARTESIAN_POINT('',(-2.5E-2,3.66E-1,-2.300674330427E-1));
#1530=LINE('',#1529,#1528);
#1531=CARTESIAN_POINT('',(2.5E-2,2.43E-1,-2.355E-1));
#1532=DIRECTION('',(1.E0,0.E0,0.E0));
#1533=DIRECTION('',(0.E0,5.735764363510E-1,8.191520442890E-1));
#1534=AXIS2_PLACEMENT_3D('',#1531,#1532,#1533);
#1536=DIRECTION('',(-1.E0,0.E0,0.E0));
#1537=VECTOR('',#1536,3.65E-1);
#1538=CARTESIAN_POINT('',(3.9E-1,2.860182327263E-1,-1.740635966783E-1));
#1539=LINE('',#1538,#1537);
#1540=CARTESIAN_POINT('',(-2.5E-2,2.43E-1,-2.355E-1));
#1541=DIRECTION('',(1.E0,0.E0,0.E0));
#1542=DIRECTION('',(0.E0,5.735764363510E-1,8.191520442890E-1));
#1543=AXIS2_PLACEMENT_3D('',#1540,#1541,#1542);
#1545=DIRECTION('',(-1.E0,0.E0,0.E0));
#1546=VECTOR('',#1545,3.65E-1);
#1547=CARTESIAN_POINT('',(-2.5E-2,2.860182327263E-1,-1.740635966783E-1));
#1548=LINE('',#1547,#1546);
#1549=DIRECTION('',(0.E0,-7.071067811865E-1,-7.071067811865E-1));
#1550=VECTOR('',#1549,3.403448788541E-2);
#1551=CARTESIAN_POINT('',(2.5E-2,1.899669914110E-1,-1.824669914110E-1));
#1552=LINE('',#1551,#1550);
#1553=DIRECTION('',(-1.E0,0.E0,0.E0));
#1554=VECTOR('',#1553,3.65E-1);
#1555=CARTESIAN_POINT('',(3.9E-1,1.899669914110E-1,-1.824669914110E-1));
#1556=LINE('',#1555,#1554);
#1557=DIRECTION('',(0.E0,-7.071067811865E-1,-7.071067811865E-1));
#1558=VECTOR('',#1557,3.403448788541E-2);
#1559=CARTESIAN_POINT('',(-2.5E-2,1.899669914110E-1,-1.824669914110E-1));
#1560=LINE('',#1559,#1558);
#1561=DIRECTION('',(-1.E0,0.E0,0.E0));
#1562=VECTOR('',#1561,3.65E-1);
#1563=CARTESIAN_POINT('',(-2.5E-2,1.899669914110E-1,-1.824669914110E-1));
#1564=LINE('',#1563,#1562);
#1565=CARTESIAN_POINT('',(2.5E-2,1.128679656440E-1,-1.535E-1));
#1566=DIRECTION('',(1.E0,0.E0,0.E0));
#1567=DIRECTION('',(0.E0,0.E0,-1.E0));
#1568=AXIS2_PLACEMENT_3D('',#1565,#1566,#1567);
#1570=DIRECTION('',(-1.E0,0.E0,0.E0));
#1571=VECTOR('',#1570,3.65E-1);
#1572=CARTESIAN_POINT('',(3.9E-1,1.659009742330E-1,-2.065330085890E-1));
#1573=LINE('',#1572,#1571);
#1574=CARTESIAN_POINT('',(-2.5E-2,1.128679656440E-1,-1.535E-1));
#1575=DIRECTION('',(1.E0,0.E0,0.E0));
#1576=DIRECTION('',(0.E0,0.E0,-1.E0));
#1577=AXIS2_PLACEMENT_3D('',#1574,#1575,#1576);
#1579=DIRECTION('',(-1.E0,0.E0,0.E0));
#1580=VECTOR('',#1579,3.65E-1);
#1581=CARTESIAN_POINT('',(-2.5E-2,1.659009742330E-1,-2.065330085890E-1));
#1582=LINE('',#1581,#1580);
#1583=DIRECTION('',(0.E0,-1.E0,0.E0));
#1584=VECTOR('',#1583,9.551262658471E-2);
#1585=CARTESIAN_POINT('',(2.5E-2,1.128679656440E-1,-2.285E-1));
#1586=LINE('',#1585,#1584);
#1587=DIRECTION('',(-1.E0,0.E0,0.E0));
#1588=VECTOR('',#1587,3.65E-1);
#1589=CARTESIAN_POINT('',(3.9E-1,1.128679656440E-1,-2.285E-1));
#1590=LINE('',#1589,#1588);
#1591=DIRECTION('',(0.E0,-1.E0,0.E0));
#1592=VECTOR('',#1591,9.551262658471E-2);
#1593=CARTESIAN_POINT('',(-2.5E-2,1.128679656440E-1,-2.285E-1));
#1594=LINE('',#1593,#1592);
#1595=DIRECTION('',(-1.E0,0.E0,0.E0));
#1596=VECTOR('',#1595,3.65E-1);
#1597=CARTESIAN_POINT('',(-2.5E-2,1.128679656440E-1,-2.285E-1));
#1598=LINE('',#1597,#1596);
#1599=CARTESIAN_POINT('',(2.5E-2,1.735533905933E-2,-2.035E-1));
#1600=DIRECTION('',(1.E0,0.E0,0.E0));
#1601=DIRECTION('',(0.E0,-7.071067811865E-1,7.071067811865E-1));
#1602=AXIS2_PLACEMENT_3D('',#1599,#1600,#1601);
#1604=DIRECTION('',(-1.E0,0.E0,0.E0));
#1605=VECTOR('',#1604,3.65E-1);
#1606=CARTESIAN_POINT('',(3.9E-1,1.735533905933E-2,-2.285E-1));
#1607=LINE('',#1606,#1605);
#1608=CARTESIAN_POINT('',(-2.5E-2,1.735533905933E-2,-2.035E-1));
#1609=DIRECTION('',(1.E0,0.E0,0.E0));
#1610=DIRECTION('',(0.E0,-7.071067811865E-1,7.071067811866E-1));
#1611=AXIS2_PLACEMENT_3D('',#1608,#1609,#1610);
#1613=DIRECTION('',(-1.E0,0.E0,0.E0));
#1614=VECTOR('',#1613,3.65E-1);
#1615=CARTESIAN_POINT('',(-2.5E-2,1.735533905933E-2,-2.285E-1));
#1616=LINE('',#1615,#1614);
#1617=DIRECTION('',(0.E0,-1.E0,0.E0));
#1618=VECTOR('',#1617,1.E-1);
#1619=CARTESIAN_POINT('',(2.5E-2,5.E-2,-1.355E-1));
#1620=LINE('',#1619,#1618);
#1621=DIRECTION('',(0.E0,1.E0,0.E0));
#1622=VECTOR('',#1621,1.E-1);
#1623=CARTESIAN_POINT('',(-2.5E-2,-5.E-2,-1.355E-1));
#1624=LINE('',#1623,#1622);
#1625=DIRECTION('',(-1.E0,0.E0,0.E0));
#1626=VECTOR('',#1625,4.5E-2);
#1627=CARTESIAN_POINT('',(4.105E-1,5.E-1,-8.8E-2));
#1628=LINE('',#1627,#1626);
#1629=DIRECTION('',(0.E0,0.E0,-1.E0));
#1630=VECTOR('',#1629,4.5E-2);
#1631=CARTESIAN_POINT('',(4.105E-1,5.E-1,-4.3E-2));
#1632=LINE('',#1631,#1630);
#1633=DIRECTION('',(1.E0,0.E0,0.E0));
#1634=VECTOR('',#1633,4.5E-2);
#1635=CARTESIAN_POINT('',(3.655E-1,5.E-1,-4.3E-2));
#1636=LINE('',#1635,#1634);
#1637=DIRECTION('',(0.E0,0.E0,1.E0));
#1638=VECTOR('',#1637,4.5E-2);
#1639=CARTESIAN_POINT('',(3.655E-1,5.E-1,-8.8E-2));
#1640=LINE('',#1639,#1638);
#1641=CARTESIAN_POINT('',(-4.65E-1,-5.E-2,7.55E-2));
#1642=CARTESIAN_POINT('',(-4.65E-1,-5.E-2,-1.355E-1));
#1643=VERTEX_POINT('',#1641);
#1644=VERTEX_POINT('',#1642);
#1645=CARTESIAN_POINT('',(-4.65E-1,5.E-2,-1.355E-1));
#1646=VERTEX_POINT('',#1645);
#1647=CARTESIAN_POINT('',(-4.65E-1,5.E-2,1.355E-1));
#1648=VERTEX_POINT('',#1647);
#1649=CARTESIAN_POINT('',(-4.65E-1,1.5E-2,1.355E-1));
#1650=VERTEX_POINT('',#1649);
#1651=CARTESIAN_POINT('',(-4.65E-1,-2.320508075690E-3,1.255E-1));
#1652=VERTEX_POINT('',#1651);
#1653=CARTESIAN_POINT('',(-4.65E-1,-2.732050807569E-2,1.255E-1));
#1654=VERTEX_POINT('',#1653);
#1655=CARTESIAN_POINT('',(-4.65E-1,-2.732050807569E-2,1.355E-1));
#1656=VERTEX_POINT('',#1655);
#1657=CARTESIAN_POINT('',(-4.65E-1,-8.E-2,1.355E-1));
#1658=VERTEX_POINT('',#1657);
#1659=CARTESIAN_POINT('',(-4.65E-1,-8.E-2,7.55E-2));
#1660=VERTEX_POINT('',#1659);
#1661=CARTESIAN_POINT('',(4.65E-1,-5.E-2,7.55E-2));
#1662=CARTESIAN_POINT('',(4.65E-1,-5.E-2,-1.355E-1));
#1663=VERTEX_POINT('',#1661);
#1664=VERTEX_POINT('',#1662);
#1665=CARTESIAN_POINT('',(4.65E-1,5.E-2,-1.355E-1));
#1666=VERTEX_POINT('',#1665);
#1667=CARTESIAN_POINT('',(4.65E-1,5.E-2,1.355E-1));
#1668=VERTEX_POINT('',#1667);
#1669=CARTESIAN_POINT('',(4.65E-1,1.5E-2,1.355E-1));
#1670=VERTEX_POINT('',#1669);
#1671=CARTESIAN_POINT('',(4.65E-1,-2.320508075690E-3,1.255E-1));
#1672=VERTEX_POINT('',#1671);
#1673=CARTESIAN_POINT('',(4.65E-1,-2.732050807569E-2,1.255E-1));
#1674=VERTEX_POINT('',#1673);
#1675=CARTESIAN_POINT('',(4.65E-1,-2.732050807569E-2,1.355E-1));
#1676=VERTEX_POINT('',#1675);
#1677=CARTESIAN_POINT('',(4.65E-1,-8.E-2,1.355E-1));
#1678=VERTEX_POINT('',#1677);
#1679=CARTESIAN_POINT('',(4.65E-1,-8.E-2,7.55E-2));
#1680=VERTEX_POINT('',#1679);
#1681=CARTESIAN_POINT('',(3.38E-1,-8.E-2,1.355E-1));
#1682=CARTESIAN_POINT('',(3.38E-1,-5.E-2,1.355E-1));
#1683=VERTEX_POINT('',#1681);
#1684=VERTEX_POINT('',#1682);
#1685=CARTESIAN_POINT('',(4.42E-1,-8.E-2,1.355E-1));
#1686=CARTESIAN_POINT('',(4.42E-1,-5.E-2,1.355E-1));
#1687=VERTEX_POINT('',#1685);
#1688=VERTEX_POINT('',#1686);
#1689=CARTESIAN_POINT('',(3.38E-1,-8.E-2,7.55E-2));
#1690=VERTEX_POINT('',#1689);
#1691=CARTESIAN_POINT('',(4.42E-1,-8.E-2,7.55E-2));
#1692=VERTEX_POINT('',#1691);
#1693=CARTESIAN_POINT('',(3.38E-1,-5.E-2,7.55E-2));
#1694=VERTEX_POINT('',#1693);
#1695=CARTESIAN_POINT('',(4.42E-1,-5.E-2,7.55E-2));
#1696=VERTEX_POINT('',#1695);
#1697=CARTESIAN_POINT('',(1.82E-1,-8.E-2,1.355E-1));
#1698=CARTESIAN_POINT('',(1.82E-1,-5.E-2,1.355E-1));
#1699=VERTEX_POINT('',#1697);
#1700=VERTEX_POINT('',#1698);
#1701=CARTESIAN_POINT('',(2.86E-1,-8.E-2,1.355E-1));
#1702=CARTESIAN_POINT('',(2.86E-1,-5.E-2,1.355E-1));
#1703=VERTEX_POINT('',#1701);
#1704=VERTEX_POINT('',#1702);
#1705=CARTESIAN_POINT('',(1.82E-1,-8.E-2,7.55E-2));
#1706=VERTEX_POINT('',#1705);
#1707=CARTESIAN_POINT('',(2.86E-1,-8.E-2,7.55E-2));
#1708=VERTEX_POINT('',#1707);
#1709=CARTESIAN_POINT('',(1.82E-1,-5.E-2,7.55E-2));
#1710=VERTEX_POINT('',#1709);
#1711=CARTESIAN_POINT('',(2.86E-1,-5.E-2,7.55E-2));
#1712=VERTEX_POINT('',#1711);
#1713=CARTESIAN_POINT('',(2.6E-2,-8.E-2,1.355E-1));
#1714=CARTESIAN_POINT('',(2.6E-2,-5.E-2,1.355E-1));
#1715=VERTEX_POINT('',#1713);
#1716=VERTEX_POINT('',#1714);
#1717=CARTESIAN_POINT('',(1.3E-1,-8.E-2,1.355E-1));
#1718=CARTESIAN_POINT('',(1.3E-1,-5.E-2,1.355E-1));
#1719=VERTEX_POINT('',#1717);
#1720=VERTEX_POINT('',#1718);
#1721=CARTESIAN_POINT('',(2.6E-2,-8.E-2,7.55E-2));
#1722=VERTEX_POINT('',#1721);
#1723=CARTESIAN_POINT('',(1.3E-1,-8.E-2,7.55E-2));
#1724=VERTEX_POINT('',#1723);
#1725=CARTESIAN_POINT('',(2.6E-2,-5.E-2,7.55E-2));
#1726=VERTEX_POINT('',#1725);
#1727=CARTESIAN_POINT('',(1.3E-1,-5.E-2,7.55E-2));
#1728=VERTEX_POINT('',#1727);
#1729=CARTESIAN_POINT('',(-1.3E-1,-8.E-2,1.355E-1));
#1730=CARTESIAN_POINT('',(-1.3E-1,-5.E-2,1.355E-1));
#1731=VERTEX_POINT('',#1729);
#1732=VERTEX_POINT('',#1730);
#1733=CARTESIAN_POINT('',(-2.6E-2,-8.E-2,1.355E-1));
#1734=CARTESIAN_POINT('',(-2.6E-2,-5.E-2,1.355E-1));
#1735=VERTEX_POINT('',#1733);
#1736=VERTEX_POINT('',#1734);
#1737=CARTESIAN_POINT('',(-1.3E-1,-8.E-2,7.55E-2));
#1738=VERTEX_POINT('',#1737);
#1739=CARTESIAN_POINT('',(-2.6E-2,-8.E-2,7.55E-2));
#1740=VERTEX_POINT('',#1739);
#1741=CARTESIAN_POINT('',(-1.3E-1,-5.E-2,7.55E-2));
#1742=VERTEX_POINT('',#1741);
#1743=CARTESIAN_POINT('',(-2.6E-2,-5.E-2,7.55E-2));
#1744=VERTEX_POINT('',#1743);
#1745=CARTESIAN_POINT('',(-2.86E-1,-8.E-2,1.355E-1));
#1746=CARTESIAN_POINT('',(-2.86E-1,-5.E-2,1.355E-1));
#1747=VERTEX_POINT('',#1745);
#1748=VERTEX_POINT('',#1746);
#1749=CARTESIAN_POINT('',(-1.82E-1,-8.E-2,1.355E-1));
#1750=CARTESIAN_POINT('',(-1.82E-1,-5.E-2,1.355E-1));
#1751=VERTEX_POINT('',#1749);
#1752=VERTEX_POINT('',#1750);
#1753=CARTESIAN_POINT('',(-2.86E-1,-8.E-2,7.55E-2));
#1754=VERTEX_POINT('',#1753);
#1755=CARTESIAN_POINT('',(-1.82E-1,-8.E-2,7.55E-2));
#1756=VERTEX_POINT('',#1755);
#1757=CARTESIAN_POINT('',(-2.86E-1,-5.E-2,7.55E-2));
#1758=VERTEX_POINT('',#1757);
#1759=CARTESIAN_POINT('',(-1.82E-1,-5.E-2,7.55E-2));
#1760=VERTEX_POINT('',#1759);
#1761=CARTESIAN_POINT('',(-4.42E-1,-8.E-2,1.355E-1));
#1762=CARTESIAN_POINT('',(-4.42E-1,-5.E-2,1.355E-1));
#1763=VERTEX_POINT('',#1761);
#1764=VERTEX_POINT('',#1762);
#1765=CARTESIAN_POINT('',(-3.38E-1,-8.E-2,1.355E-1));
#1766=CARTESIAN_POINT('',(-3.38E-1,-5.E-2,1.355E-1));
#1767=VERTEX_POINT('',#1765);
#1768=VERTEX_POINT('',#1766);
#1769=CARTESIAN_POINT('',(-4.42E-1,-8.E-2,7.55E-2));
#1770=VERTEX_POINT('',#1769);
#1771=CARTESIAN_POINT('',(-3.38E-1,-8.E-2,7.55E-2));
#1772=VERTEX_POINT('',#1771);
#1773=CARTESIAN_POINT('',(-4.42E-1,-5.E-2,7.55E-2));
#1774=VERTEX_POINT('',#1773);
#1775=CARTESIAN_POINT('',(-3.38E-1,-5.E-2,7.55E-2));
#1776=VERTEX_POINT('',#1775);
#1777=CARTESIAN_POINT('',(3.9E-1,-8.E-2,-1.355E-1));
#1778=CARTESIAN_POINT('',(3.9E-1,-8.E-2,-1.835E-1));
#1779=VERTEX_POINT('',#1777);
#1780=VERTEX_POINT('',#1778);
#1781=CARTESIAN_POINT('',(3.9E-1,-5.E-3,-2.585E-1));
#1782=VERTEX_POINT('',#1781);
#1783=CARTESIAN_POINT('',(3.9E-1,3.66E-1,-2.585E-1));
#1784=VERTEX_POINT('',#1783);
#1785=CARTESIAN_POINT('',(3.9E-1,3.66E-1,-2.300674330427E-1));
#1786=VERTEX_POINT('',#1785);
#1787=CARTESIAN_POINT('',(3.9E-1,2.860182327263E-1,-1.740635966783E-1));
#1788=VERTEX_POINT('',#1787);
#1789=CARTESIAN_POINT('',(3.9E-1,1.899669914110E-1,-1.824669914110E-1));
#1790=VERTEX_POINT('',#1789);
#1791=CARTESIAN_POINT('',(3.9E-1,1.659009742330E-1,-2.065330085890E-1));
#1792=VERTEX_POINT('',#1791);
#1793=CARTESIAN_POINT('',(3.9E-1,1.128679656440E-1,-2.285E-1));
#1794=VERTEX_POINT('',#1793);
#1795=CARTESIAN_POINT('',(3.9E-1,1.735533905933E-2,-2.285E-1));
#1796=VERTEX_POINT('',#1795);
#1797=CARTESIAN_POINT('',(3.9E-1,-3.223304703375E-4,-1.858223304703E-1));
#1798=VERTEX_POINT('',#1797);
#1799=CARTESIAN_POINT('',(-3.9E-1,-8.E-2,-1.355E-1));
#1800=CARTESIAN_POINT('',(-3.9E-1,-8.E-2,-1.835E-1));
#1801=VERTEX_POINT('',#1799);
#1802=VERTEX_POINT('',#1800);
#1803=CARTESIAN_POINT('',(-3.9E-1,-5.E-3,-2.585E-1));
#1804=VERTEX_POINT('',#1803);
#1805=CARTESIAN_POINT('',(-3.9E-1,3.66E-1,-2.585E-1));
#1806=VERTEX_POINT('',#1805);
#1807=CARTESIAN_POINT('',(-3.9E-1,3.66E-1,-2.300674330427E-1));
#1808=VERTEX_POINT('',#1807);
#1809=CARTESIAN_POINT('',(-3.9E-1,2.860182327263E-1,-1.740635966783E-1));
#1810=VERTEX_POINT('',#1809);
#1811=CARTESIAN_POINT('',(-3.9E-1,1.899669914110E-1,-1.824669914110E-1));
#1812=VERTEX_POINT('',#1811);
#1813=CARTESIAN_POINT('',(-3.9E-1,1.659009742330E-1,-2.065330085890E-1));
#1814=VERTEX_POINT('',#1813);
#1815=CARTESIAN_POINT('',(-3.9E-1,1.128679656440E-1,-2.285E-1));
#1816=VERTEX_POINT('',#1815);
#1817=CARTESIAN_POINT('',(-3.9E-1,1.735533905933E-2,-2.285E-1));
#1818=VERTEX_POINT('',#1817);
#1819=CARTESIAN_POINT('',(-3.9E-1,-3.223304703375E-4,-1.858223304703E-1));
#1820=VERTEX_POINT('',#1819);
#1821=CARTESIAN_POINT('',(3.9E-1,-5.E-2,-1.355E-1));
#1822=CARTESIAN_POINT('',(3.9E-1,5.E-2,-1.355E-1));
#1823=VERTEX_POINT('',#1821);
#1824=VERTEX_POINT('',#1822);
#1825=CARTESIAN_POINT('',(-3.9E-1,-5.E-2,-1.355E-1));
#1826=CARTESIAN_POINT('',(-3.9E-1,5.E-2,-1.355E-1));
#1827=VERTEX_POINT('',#1825);
#1828=VERTEX_POINT('',#1826);
#1829=CARTESIAN_POINT('',(4.105E-1,-3.155E-1,2.915E-1));
#1830=CARTESIAN_POINT('',(3.655E-1,-3.155E-1,2.915E-1));
#1831=VERTEX_POINT('',#1829);
#1832=VERTEX_POINT('',#1830);
#1833=CARTESIAN_POINT('',(3.655E-1,-2.705E-1,2.915E-1));
#1834=VERTEX_POINT('',#1833);
#1835=CARTESIAN_POINT('',(4.105E-1,-2.705E-1,2.915E-1));
#1836=VERTEX_POINT('',#1835);
#1837=CARTESIAN_POINT('',(4.105E-1,-3.155E-1,3.25E-2));
#1838=CARTESIAN_POINT('',(3.655E-1,-3.155E-1,3.25E-2));
#1839=VERTEX_POINT('',#1837);
#1840=VERTEX_POINT('',#1838);
#1841=CARTESIAN_POINT('',(3.655E-1,-2.705E-1,3.25E-2));
#1842=CARTESIAN_POINT('',(4.105E-1,-2.705E-1,3.25E-2));
#1843=VERTEX_POINT('',#1841);
#1844=VERTEX_POINT('',#1842);
#1845=CARTESIAN_POINT('',(4.105E-1,5.E-1,-8.8E-2));
#1846=CARTESIAN_POINT('',(3.655E-1,5.E-1,-8.8E-2));
#1847=VERTEX_POINT('',#1845);
#1848=VERTEX_POINT('',#1846);
#1849=CARTESIAN_POINT('',(3.655E-1,5.E-1,-4.3E-2));
#1850=VERTEX_POINT('',#1849);
#1851=CARTESIAN_POINT('',(4.105E-1,5.E-1,-4.3E-2));
#1852=VERTEX_POINT('',#1851);
#1853=CARTESIAN_POINT('',(3.655E-1,-5.E-2,-4.3E-2));
#1854=CARTESIAN_POINT('',(3.655E-1,-5.E-2,-8.8E-2));
#1855=VERTEX_POINT('',#1853);
#1856=VERTEX_POINT('',#1854);
#1857=CARTESIAN_POINT('',(4.105E-1,-5.E-2,-4.3E-2));
#1858=CARTESIAN_POINT('',(4.105E-1,-5.E-2,-8.8E-2));
#1859=VERTEX_POINT('',#1857);
#1860=VERTEX_POINT('',#1858);
#1861=CARTESIAN_POINT('',(3.655E-1,5.E-2,-4.3E-2));
#1862=CARTESIAN_POINT('',(3.655E-1,5.E-2,-8.8E-2));
#1863=VERTEX_POINT('',#1861);
#1864=VERTEX_POINT('',#1862);
#1865=CARTESIAN_POINT('',(4.105E-1,5.E-2,-4.3E-2));
#1866=CARTESIAN_POINT('',(4.105E-1,5.E-2,-8.8E-2));
#1867=VERTEX_POINT('',#1865);
#1868=VERTEX_POINT('',#1866);
#1869=CARTESIAN_POINT('',(4.105E-1,-1.95E-1,-8.8E-2));
#1870=VERTEX_POINT('',#1869);
#1871=CARTESIAN_POINT('',(3.655E-1,-1.95E-1,-8.8E-2));
#1872=VERTEX_POINT('',#1871);
#1873=CARTESIAN_POINT('',(3.655E-1,-1.95E-1,-4.3E-2));
#1874=VERTEX_POINT('',#1873);
#1875=CARTESIAN_POINT('',(4.105E-1,-1.95E-1,-4.3E-2));
#1876=VERTEX_POINT('',#1875);
#1877=CARTESIAN_POINT('',(2.545E-1,-3.155E-1,2.915E-1));
#1878=CARTESIAN_POINT('',(2.095E-1,-3.155E-1,2.915E-1));
#1879=VERTEX_POINT('',#1877);
#1880=VERTEX_POINT('',#1878);
#1881=CARTESIAN_POINT('',(2.095E-1,-2.705E-1,2.915E-1));
#1882=VERTEX_POINT('',#1881);
#1883=CARTESIAN_POINT('',(2.545E-1,-2.705E-1,2.915E-1));
#1884=VERTEX_POINT('',#1883);
#1885=CARTESIAN_POINT('',(2.545E-1,-3.155E-1,3.25E-2));
#1886=CARTESIAN_POINT('',(2.095E-1,-3.155E-1,3.25E-2));
#1887=VERTEX_POINT('',#1885);
#1888=VERTEX_POINT('',#1886);
#1889=CARTESIAN_POINT('',(2.095E-1,-2.705E-1,3.25E-2));
#1890=CARTESIAN_POINT('',(2.545E-1,-2.705E-1,3.25E-2));
#1891=VERTEX_POINT('',#1889);
#1892=VERTEX_POINT('',#1890);
#1893=CARTESIAN_POINT('',(2.545E-1,-1.95E-1,-8.8E-2));
#1894=CARTESIAN_POINT('',(2.095E-1,-1.95E-1,-8.8E-2));
#1895=VERTEX_POINT('',#1893);
#1896=VERTEX_POINT('',#1894);
#1897=CARTESIAN_POINT('',(2.095E-1,-1.95E-1,-4.3E-2));
#1898=CARTESIAN_POINT('',(2.545E-1,-1.95E-1,-4.3E-2));
#1899=VERTEX_POINT('',#1897);
#1900=VERTEX_POINT('',#1898);
#1901=CARTESIAN_POINT('',(2.545E-1,5.E-1,-8.8E-2));
#1902=CARTESIAN_POINT('',(2.095E-1,5.E-1,-8.8E-2));
#1903=VERTEX_POINT('',#1901);
#1904=VERTEX_POINT('',#1902);
#1905=CARTESIAN_POINT('',(2.095E-1,5.E-1,-4.3E-2));
#1906=VERTEX_POINT('',#1905);
#1907=CARTESIAN_POINT('',(2.545E-1,5.E-1,-4.3E-2));
#1908=VERTEX_POINT('',#1907);
#1909=CARTESIAN_POINT('',(2.095E-1,-5.E-2,-4.3E-2));
#1910=CARTESIAN_POINT('',(2.095E-1,-5.E-2,-8.8E-2));
#1911=VERTEX_POINT('',#1909);
#1912=VERTEX_POINT('',#1910);
#1913=CARTESIAN_POINT('',(2.545E-1,-5.E-2,-4.3E-2));
#1914=CARTESIAN_POINT('',(2.545E-1,-5.E-2,-8.8E-2));
#1915=VERTEX_POINT('',#1913);
#1916=VERTEX_POINT('',#1914);
#1917=CARTESIAN_POINT('',(2.095E-1,5.E-2,-4.3E-2));
#1918=CARTESIAN_POINT('',(2.095E-1,5.E-2,-8.8E-2));
#1919=VERTEX_POINT('',#1917);
#1920=VERTEX_POINT('',#1918);
#1921=CARTESIAN_POINT('',(2.545E-1,5.E-2,-4.3E-2));
#1922=CARTESIAN_POINT('',(2.545E-1,5.E-2,-8.8E-2));
#1923=VERTEX_POINT('',#1921);
#1924=VERTEX_POINT('',#1922);
#1925=CARTESIAN_POINT('',(9.85E-2,-3.155E-1,2.915E-1));
#1926=CARTESIAN_POINT('',(5.35E-2,-3.155E-1,2.915E-1));
#1927=VERTEX_POINT('',#1925);
#1928=VERTEX_POINT('',#1926);
#1929=CARTESIAN_POINT('',(5.35E-2,-2.705E-1,2.915E-1));
#1930=VERTEX_POINT('',#1929);
#1931=CARTESIAN_POINT('',(9.85E-2,-2.705E-1,2.915E-1));
#1932=VERTEX_POINT('',#1931);
#1933=CARTESIAN_POINT('',(9.85E-2,-3.155E-1,3.25E-2));
#1934=CARTESIAN_POINT('',(5.35E-2,-3.155E-1,3.25E-2));
#1935=VERTEX_POINT('',#1933);
#1936=VERTEX_POINT('',#1934);
#1937=CARTESIAN_POINT('',(5.35E-2,-2.705E-1,3.25E-2));
#1938=CARTESIAN_POINT('',(9.85E-2,-2.705E-1,3.25E-2));
#1939=VERTEX_POINT('',#1937);
#1940=VERTEX_POINT('',#1938);
#1941=CARTESIAN_POINT('',(9.85E-2,-1.95E-1,-8.8E-2));
#1942=CARTESIAN_POINT('',(5.35E-2,-1.95E-1,-8.8E-2));
#1943=VERTEX_POINT('',#1941);
#1944=VERTEX_POINT('',#1942);
#1945=CARTESIAN_POINT('',(5.35E-2,-1.95E-1,-4.3E-2));
#1946=CARTESIAN_POINT('',(9.85E-2,-1.95E-1,-4.3E-2));
#1947=VERTEX_POINT('',#1945);
#1948=VERTEX_POINT('',#1946);
#1949=CARTESIAN_POINT('',(9.85E-2,5.E-1,-8.8E-2));
#1950=CARTESIAN_POINT('',(5.35E-2,5.E-1,-8.8E-2));
#1951=VERTEX_POINT('',#1949);
#1952=VERTEX_POINT('',#1950);
#1953=CARTESIAN_POINT('',(5.35E-2,5.E-1,-4.3E-2));
#1954=VERTEX_POINT('',#1953);
#1955=CARTESIAN_POINT('',(9.85E-2,5.E-1,-4.3E-2));
#1956=VERTEX_POINT('',#1955);
#1957=CARTESIAN_POINT('',(5.35E-2,-5.E-2,-4.3E-2));
#1958=CARTESIAN_POINT('',(5.35E-2,-5.E-2,-8.8E-2));
#1959=VERTEX_POINT('',#1957);
#1960=VERTEX_POINT('',#1958);
#1961=CARTESIAN_POINT('',(9.85E-2,-5.E-2,-4.3E-2));
#1962=CARTESIAN_POINT('',(9.85E-2,-5.E-2,-8.8E-2));
#1963=VERTEX_POINT('',#1961);
#1964=VERTEX_POINT('',#1962);
#1965=CARTESIAN_POINT('',(5.35E-2,5.E-2,-4.3E-2));
#1966=CARTESIAN_POINT('',(5.35E-2,5.E-2,-8.8E-2));
#1967=VERTEX_POINT('',#1965);
#1968=VERTEX_POINT('',#1966);
#1969=CARTESIAN_POINT('',(9.85E-2,5.E-2,-4.3E-2));
#1970=CARTESIAN_POINT('',(9.85E-2,5.E-2,-8.8E-2));
#1971=VERTEX_POINT('',#1969);
#1972=VERTEX_POINT('',#1970);
#1973=CARTESIAN_POINT('',(-5.75E-2,-3.155E-1,2.915E-1));
#1974=CARTESIAN_POINT('',(-1.025E-1,-3.155E-1,2.915E-1));
#1975=VERTEX_POINT('',#1973);
#1976=VERTEX_POINT('',#1974);
#1977=CARTESIAN_POINT('',(-1.025E-1,-2.705E-1,2.915E-1));
#1978=VERTEX_POINT('',#1977);
#1979=CARTESIAN_POINT('',(-5.75E-2,-2.705E-1,2.915E-1));
#1980=VERTEX_POINT('',#1979);
#1981=CARTESIAN_POINT('',(-5.75E-2,-3.155E-1,3.25E-2));
#1982=CARTESIAN_POINT('',(-1.025E-1,-3.155E-1,3.25E-2));
#1983=VERTEX_POINT('',#1981);
#1984=VERTEX_POINT('',#1982);
#1985=CARTESIAN_POINT('',(-1.025E-1,-2.705E-1,3.25E-2));
#1986=CARTESIAN_POINT('',(-5.75E-2,-2.705E-1,3.25E-2));
#1987=VERTEX_POINT('',#1985);
#1988=VERTEX_POINT('',#1986);
#1989=CARTESIAN_POINT('',(-5.75E-2,-1.95E-1,-8.8E-2));
#1990=CARTESIAN_POINT('',(-1.025E-1,-1.95E-1,-8.8E-2));
#1991=VERTEX_POINT('',#1989);
#1992=VERTEX_POINT('',#1990);
#1993=CARTESIAN_POINT('',(-1.025E-1,-1.95E-1,-4.3E-2));
#1994=CARTESIAN_POINT('',(-5.75E-2,-1.95E-1,-4.3E-2));
#1995=VERTEX_POINT('',#1993);
#1996=VERTEX_POINT('',#1994);
#1997=CARTESIAN_POINT('',(-5.75E-2,5.E-1,-8.8E-2));
#1998=CARTESIAN_POINT('',(-1.025E-1,5.E-1,-8.8E-2));
#1999=VERTEX_POINT('',#1997);
#2000=VERTEX_POINT('',#1998);
#2001=CARTESIAN_POINT('',(-1.025E-1,5.E-1,-4.3E-2));
#2002=VERTEX_POINT('',#2001);
#2003=CARTESIAN_POINT('',(-5.75E-2,5.E-1,-4.3E-2));
#2004=VERTEX_POINT('',#2003);
#2005=CARTESIAN_POINT('',(-1.025E-1,-5.E-2,-4.3E-2));
#2006=CARTESIAN_POINT('',(-1.025E-1,-5.E-2,-8.8E-2));
#2007=VERTEX_POINT('',#2005);
#2008=VERTEX_POINT('',#2006);
#2009=CARTESIAN_POINT('',(-5.75E-2,-5.E-2,-4.3E-2));
#2010=CARTESIAN_POINT('',(-5.75E-2,-5.E-2,-8.8E-2));
#2011=VERTEX_POINT('',#2009);
#2012=VERTEX_POINT('',#2010);
#2013=CARTESIAN_POINT('',(-1.025E-1,5.E-2,-4.3E-2));
#2014=CARTESIAN_POINT('',(-1.025E-1,5.E-2,-8.8E-2));
#2015=VERTEX_POINT('',#2013);
#2016=VERTEX_POINT('',#2014);
#2017=CARTESIAN_POINT('',(-5.75E-2,5.E-2,-4.3E-2));
#2018=CARTESIAN_POINT('',(-5.75E-2,5.E-2,-8.8E-2));
#2019=VERTEX_POINT('',#2017);
#2020=VERTEX_POINT('',#2018);
#2021=CARTESIAN_POINT('',(-2.135E-1,-3.155E-1,2.915E-1));
#2022=CARTESIAN_POINT('',(-2.585E-1,-3.155E-1,2.915E-1));
#2023=VERTEX_POINT('',#2021);
#2024=VERTEX_POINT('',#2022);
#2025=CARTESIAN_POINT('',(-2.585E-1,-2.705E-1,2.915E-1));
#2026=VERTEX_POINT('',#2025);
#2027=CARTESIAN_POINT('',(-2.135E-1,-2.705E-1,2.915E-1));
#2028=VERTEX_POINT('',#2027);
#2029=CARTESIAN_POINT('',(-2.135E-1,-3.155E-1,3.25E-2));
#2030=CARTESIAN_POINT('',(-2.585E-1,-3.155E-1,3.25E-2));
#2031=VERTEX_POINT('',#2029);
#2032=VERTEX_POINT('',#2030);
#2033=CARTESIAN_POINT('',(-2.585E-1,-2.705E-1,3.25E-2));
#2034=CARTESIAN_POINT('',(-2.135E-1,-2.705E-1,3.25E-2));
#2035=VERTEX_POINT('',#2033);
#2036=VERTEX_POINT('',#2034);
#2037=CARTESIAN_POINT('',(-2.135E-1,-1.95E-1,-8.8E-2));
#2038=CARTESIAN_POINT('',(-2.585E-1,-1.95E-1,-8.8E-2));
#2039=VERTEX_POINT('',#2037);
#2040=VERTEX_POINT('',#2038);
#2041=CARTESIAN_POINT('',(-2.585E-1,-1.95E-1,-4.3E-2));
#2042=CARTESIAN_POINT('',(-2.135E-1,-1.95E-1,-4.3E-2));
#2043=VERTEX_POINT('',#2041);
#2044=VERTEX_POINT('',#2042);
#2045=CARTESIAN_POINT('',(-2.135E-1,5.E-1,-8.8E-2));
#2046=CARTESIAN_POINT('',(-2.585E-1,5.E-1,-8.8E-2));
#2047=VERTEX_POINT('',#2045);
#2048=VERTEX_POINT('',#2046);
#2049=CARTESIAN_POINT('',(-2.585E-1,5.E-1,-4.3E-2));
#2050=VERTEX_POINT('',#2049);
#2051=CARTESIAN_POINT('',(-2.135E-1,5.E-1,-4.3E-2));
#2052=VERTEX_POINT('',#2051);
#2053=CARTESIAN_POINT('',(-2.585E-1,-5.E-2,-4.3E-2));
#2054=CARTESIAN_POINT('',(-2.585E-1,-5.E-2,-8.8E-2));
#2055=VERTEX_POINT('',#2053);
#2056=VERTEX_POINT('',#2054);
#2057=CARTESIAN_POINT('',(-2.135E-1,-5.E-2,-4.3E-2));
#2058=CARTESIAN_POINT('',(-2.135E-1,-5.E-2,-8.8E-2));
#2059=VERTEX_POINT('',#2057);
#2060=VERTEX_POINT('',#2058);
#2061=CARTESIAN_POINT('',(-2.585E-1,5.E-2,-4.3E-2));
#2062=CARTESIAN_POINT('',(-2.585E-1,5.E-2,-8.8E-2));
#2063=VERTEX_POINT('',#2061);
#2064=VERTEX_POINT('',#2062);
#2065=CARTESIAN_POINT('',(-2.135E-1,5.E-2,-4.3E-2));
#2066=CARTESIAN_POINT('',(-2.135E-1,5.E-2,-8.8E-2));
#2067=VERTEX_POINT('',#2065);
#2068=VERTEX_POINT('',#2066);
#2069=CARTESIAN_POINT('',(-3.695E-1,-3.155E-1,2.915E-1));
#2070=CARTESIAN_POINT('',(-4.145E-1,-3.155E-1,2.915E-1));
#2071=VERTEX_POINT('',#2069);
#2072=VERTEX_POINT('',#2070);
#2073=CARTESIAN_POINT('',(-4.145E-1,-2.705E-1,2.915E-1));
#2074=VERTEX_POINT('',#2073);
#2075=CARTESIAN_POINT('',(-3.695E-1,-2.705E-1,2.915E-1));
#2076=VERTEX_POINT('',#2075);
#2077=CARTESIAN_POINT('',(-3.695E-1,-3.155E-1,3.25E-2));
#2078=CARTESIAN_POINT('',(-4.145E-1,-3.155E-1,3.25E-2));
#2079=VERTEX_POINT('',#2077);
#2080=VERTEX_POINT('',#2078);
#2081=CARTESIAN_POINT('',(-4.145E-1,-2.705E-1,3.25E-2));
#2082=CARTESIAN_POINT('',(-3.695E-1,-2.705E-1,3.25E-2));
#2083=VERTEX_POINT('',#2081);
#2084=VERTEX_POINT('',#2082);
#2085=CARTESIAN_POINT('',(-3.695E-1,-1.95E-1,-8.8E-2));
#2086=CARTESIAN_POINT('',(-4.145E-1,-1.95E-1,-8.8E-2));
#2087=VERTEX_POINT('',#2085);
#2088=VERTEX_POINT('',#2086);
#2089=CARTESIAN_POINT('',(-4.145E-1,-1.95E-1,-4.3E-2));
#2090=CARTESIAN_POINT('',(-3.695E-1,-1.95E-1,-4.3E-2));
#2091=VERTEX_POINT('',#2089);
#2092=VERTEX_POINT('',#2090);
#2093=CARTESIAN_POINT('',(-3.695E-1,5.E-1,-8.8E-2));
#2094=CARTESIAN_POINT('',(-4.145E-1,5.E-1,-8.8E-2));
#2095=VERTEX_POINT('',#2093);
#2096=VERTEX_POINT('',#2094);
#2097=CARTESIAN_POINT('',(-4.145E-1,5.E-1,-4.3E-2));
#2098=VERTEX_POINT('',#2097);
#2099=CARTESIAN_POINT('',(-3.695E-1,5.E-1,-4.3E-2));
#2100=VERTEX_POINT('',#2099);
#2101=CARTESIAN_POINT('',(-4.145E-1,-5.E-2,-4.3E-2));
#2102=CARTESIAN_POINT('',(-4.145E-1,-5.E-2,-8.8E-2));
#2103=VERTEX_POINT('',#2101);
#2104=VERTEX_POINT('',#2102);
#2105=CARTESIAN_POINT('',(-3.695E-1,-5.E-2,-4.3E-2));
#2106=CARTESIAN_POINT('',(-3.695E-1,-5.E-2,-8.8E-2));
#2107=VERTEX_POINT('',#2105);
#2108=VERTEX_POINT('',#2106);
#2109=CARTESIAN_POINT('',(-4.145E-1,5.E-2,-4.3E-2));
#2110=CARTESIAN_POINT('',(-4.145E-1,5.E-2,-8.8E-2));
#2111=VERTEX_POINT('',#2109);
#2112=VERTEX_POINT('',#2110);
#2113=CARTESIAN_POINT('',(-3.695E-1,5.E-2,-4.3E-2));
#2114=CARTESIAN_POINT('',(-3.695E-1,5.E-2,-8.8E-2));
#2115=VERTEX_POINT('',#2113);
#2116=VERTEX_POINT('',#2114);
#2117=CARTESIAN_POINT('',(-2.5E-2,-5.E-2,-1.355E-1));
#2118=CARTESIAN_POINT('',(2.5E-2,-5.E-2,-1.355E-1));
#2119=VERTEX_POINT('',#2117);
#2120=VERTEX_POINT('',#2118);
#2121=CARTESIAN_POINT('',(-2.5E-2,5.E-2,-1.355E-1));
#2122=CARTESIAN_POINT('',(2.5E-2,5.E-2,-1.355E-1));
#2123=VERTEX_POINT('',#2121);
#2124=VERTEX_POINT('',#2122);
#2125=CARTESIAN_POINT('',(2.5E-2,-8.E-2,-1.355E-1));
#2126=CARTESIAN_POINT('',(2.5E-2,-8.E-2,-1.835E-1));
#2127=VERTEX_POINT('',#2125);
#2128=VERTEX_POINT('',#2126);
#2129=CARTESIAN_POINT('',(-2.5E-2,-8.E-2,-1.355E-1));
#2130=CARTESIAN_POINT('',(-2.5E-2,-8.E-2,-1.835E-1));
#2131=VERTEX_POINT('',#2129);
#2132=VERTEX_POINT('',#2130);
#2133=CARTESIAN_POINT('',(2.5E-2,-5.E-3,-2.585E-1));
#2134=VERTEX_POINT('',#2133);
#2135=CARTESIAN_POINT('',(-2.5E-2,-5.E-3,-2.585E-1));
#2136=VERTEX_POINT('',#2135);
#2137=CARTESIAN_POINT('',(2.5E-2,3.66E-1,-2.585E-1));
#2138=VERTEX_POINT('',#2137);
#2139=CARTESIAN_POINT('',(-2.5E-2,3.66E-1,-2.585E-1));
#2140=VERTEX_POINT('',#2139);
#2141=CARTESIAN_POINT('',(2.5E-2,3.66E-1,-2.300674330427E-1));
#2142=VERTEX_POINT('',#2141);
#2143=CARTESIAN_POINT('',(-2.5E-2,3.66E-1,-2.300674330427E-1));
#2144=VERTEX_POINT('',#2143);
#2145=CARTESIAN_POINT('',(2.5E-2,2.860182327263E-1,-1.740635966783E-1));
#2146=VERTEX_POINT('',#2145);
#2147=CARTESIAN_POINT('',(-2.5E-2,2.860182327263E-1,-1.740635966783E-1));
#2148=VERTEX_POINT('',#2147);
#2149=CARTESIAN_POINT('',(2.5E-2,1.899669914110E-1,-1.824669914110E-1));
#2150=VERTEX_POINT('',#2149);
#2151=CARTESIAN_POINT('',(-2.5E-2,1.899669914110E-1,-1.824669914110E-1));
#2152=VERTEX_POINT('',#2151);
#2153=CARTESIAN_POINT('',(2.5E-2,1.659009742330E-1,-2.065330085890E-1));
#2154=VERTEX_POINT('',#2153);
#2155=CARTESIAN_POINT('',(-2.5E-2,1.659009742330E-1,-2.065330085890E-1));
#2156=VERTEX_POINT('',#2155);
#2157=CARTESIAN_POINT('',(2.5E-2,1.128679656440E-1,-2.285E-1));
#2158=VERTEX_POINT('',#2157);
#2159=CARTESIAN_POINT('',(-2.5E-2,1.128679656440E-1,-2.285E-1));
#2160=VERTEX_POINT('',#2159);
#2161=CARTESIAN_POINT('',(2.5E-2,1.735533905933E-2,-2.285E-1));
#2162=VERTEX_POINT('',#2161);
#2163=CARTESIAN_POINT('',(-2.5E-2,1.735533905933E-2,-2.285E-1));
#2164=VERTEX_POINT('',#2163);
#2165=CARTESIAN_POINT('',(2.5E-2,-3.223304703376E-4,-1.858223304703E-1));
#2166=VERTEX_POINT('',#2165);
#2167=CARTESIAN_POINT('',(-2.5E-2,-3.223304703375E-4,-1.858223304703E-1));
#2168=VERTEX_POINT('',#2167);
#2169=CARTESIAN_POINT('',(-4.65E-1,0.E0,0.E0));
#2170=DIRECTION('',(1.E0,0.E0,0.E0));
#2171=DIRECTION('',(0.E0,0.E0,-1.E0));
#2172=AXIS2_PLACEMENT_3D('',#2169,#2170,#2171);
#2173=PLANE('',#2172);
#2175=ORIENTED_EDGE('',*,*,#2174,.T.);
#2177=ORIENTED_EDGE('',*,*,#2176,.T.);
#2179=ORIENTED_EDGE('',*,*,#2178,.T.);
#2181=ORIENTED_EDGE('',*,*,#2180,.T.);
#2183=ORIENTED_EDGE('',*,*,#2182,.T.);
#2185=ORIENTED_EDGE('',*,*,#2184,.T.);
#2187=ORIENTED_EDGE('',*,*,#2186,.T.);
#2189=ORIENTED_EDGE('',*,*,#2188,.T.);
#2191=ORIENTED_EDGE('',*,*,#2190,.T.);
#2193=ORIENTED_EDGE('',*,*,#2192,.T.);
#2194=EDGE_LOOP('',(#2175,#2177,#2179,#2181,#2183,#2185,#2187,#2189,#2191,
#2193));
#2195=FACE_OUTER_BOUND('',#2194,.F.);
#2196=ADVANCED_FACE('',(#2195),#2173,.F.);
#2197=CARTESIAN_POINT('',(-4.65E-1,-5.E-2,7.55E-2));
#2198=DIRECTION('',(0.E0,-1.E0,0.E0));
#2199=DIRECTION('',(0.E0,0.E0,-1.E0));
#2200=AXIS2_PLACEMENT_3D('',#2197,#2198,#2199);
#2201=PLANE('',#2200);
#2203=ORIENTED_EDGE('',*,*,#2202,.F.);
#2205=ORIENTED_EDGE('',*,*,#2204,.F.);
#2206=ORIENTED_EDGE('',*,*,#2174,.F.);
#2208=ORIENTED_EDGE('',*,*,#2207,.T.);
#2210=ORIENTED_EDGE('',*,*,#2209,.F.);
#2212=ORIENTED_EDGE('',*,*,#2211,.F.);
#2214=ORIENTED_EDGE('',*,*,#2213,.T.);
#2216=ORIENTED_EDGE('',*,*,#2215,.T.);
#2218=ORIENTED_EDGE('',*,*,#2217,.F.);
#2220=ORIENTED_EDGE('',*,*,#2219,.F.);
#2222=ORIENTED_EDGE('',*,*,#2221,.T.);
#2224=ORIENTED_EDGE('',*,*,#2223,.T.);
#2226=ORIENTED_EDGE('',*,*,#2225,.F.);
#2228=ORIENTED_EDGE('',*,*,#2227,.F.);
#2230=ORIENTED_EDGE('',*,*,#2229,.T.);
#2232=ORIENTED_EDGE('',*,*,#2231,.T.);
#2234=ORIENTED_EDGE('',*,*,#2233,.F.);
#2236=ORIENTED_EDGE('',*,*,#2235,.F.);
#2238=ORIENTED_EDGE('',*,*,#2237,.T.);
#2240=ORIENTED_EDGE('',*,*,#2239,.T.);
#2242=ORIENTED_EDGE('',*,*,#2241,.F.);
#2244=ORIENTED_EDGE('',*,*,#2243,.F.);
#2246=ORIENTED_EDGE('',*,*,#2245,.T.);
#2248=ORIENTED_EDGE('',*,*,#2247,.T.);
#2250=ORIENTED_EDGE('',*,*,#2249,.F.);
#2252=ORIENTED_EDGE('',*,*,#2251,.F.);
#2254=ORIENTED_EDGE('',*,*,#2253,.T.);
#2256=ORIENTED_EDGE('',*,*,#2255,.T.);
#2258=ORIENTED_EDGE('',*,*,#2257,.T.);
#2260=ORIENTED_EDGE('',*,*,#2259,.F.);
#2262=ORIENTED_EDGE('',*,*,#2261,.F.);
#2264=ORIENTED_EDGE('',*,*,#2263,.F.);
#2265=EDGE_LOOP('',(#2203,#2205,#2206,#2208,#2210,#2212,#2214,#2216,#2218,#2220,
#2222,#2224,#2226,#2228,#2230,#2232,#2234,#2236,#2238,#2240,#2242,#2244,#2246,
#2248,#2250,#2252,#2254,#2256,#2258,#2260,#2262,#2264));
#2266=FACE_OUTER_BOUND('',#2265,.F.);
#2268=ORIENTED_EDGE('',*,*,#2267,.T.);
#2270=ORIENTED_EDGE('',*,*,#2269,.F.);
#2272=ORIENTED_EDGE('',*,*,#2271,.F.);
#2274=ORIENTED_EDGE('',*,*,#2273,.F.);
#2275=EDGE_LOOP('',(#2268,#2270,#2272,#2274));
#2276=FACE_BOUND('',#2275,.F.);
#2278=ORIENTED_EDGE('',*,*,#2277,.T.);
#2280=ORIENTED_EDGE('',*,*,#2279,.F.);
#2282=ORIENTED_EDGE('',*,*,#2281,.F.);
#2284=ORIENTED_EDGE('',*,*,#2283,.F.);
#2285=EDGE_LOOP('',(#2278,#2280,#2282,#2284));
#2286=FACE_BOUND('',#2285,.F.);
#2288=ORIENTED_EDGE('',*,*,#2287,.T.);
#2290=ORIENTED_EDGE('',*,*,#2289,.F.);
#2292=ORIENTED_EDGE('',*,*,#2291,.F.);
#2294=ORIENTED_EDGE('',*,*,#2293,.F.);
#2295=EDGE_LOOP('',(#2288,#2290,#2292,#2294));
#2296=FACE_BOUND('',#2295,.F.);
#2298=ORIENTED_EDGE('',*,*,#2297,.T.);
#2300=ORIENTED_EDGE('',*,*,#2299,.F.);
#2302=ORIENTED_EDGE('',*,*,#2301,.F.);
#2304=ORIENTED_EDGE('',*,*,#2303,.F.);
#2305=EDGE_LOOP('',(#2298,#2300,#2302,#2304));
#2306=FACE_BOUND('',#2305,.F.);
#2308=ORIENTED_EDGE('',*,*,#2307,.T.);
#2310=ORIENTED_EDGE('',*,*,#2309,.F.);
#2312=ORIENTED_EDGE('',*,*,#2311,.F.);
#2314=ORIENTED_EDGE('',*,*,#2313,.F.);
#2315=EDGE_LOOP('',(#2308,#2310,#2312,#2314));
#2316=FACE_BOUND('',#2315,.F.);
#2318=ORIENTED_EDGE('',*,*,#2317,.T.);
#2320=ORIENTED_EDGE('',*,*,#2319,.F.);
#2322=ORIENTED_EDGE('',*,*,#2321,.F.);
#2324=ORIENTED_EDGE('',*,*,#2323,.F.);
#2325=EDGE_LOOP('',(#2318,#2320,#2322,#2324));
#2326=FACE_BOUND('',#2325,.F.);
#2327=ADVANCED_FACE('',(#2266,#2276,#2286,#2296,#2306,#2316,#2326),#2201,.T.);
#2328=CARTESIAN_POINT('',(3.655E-1,-3.155E-1,2.915E-1));
#2329=DIRECTION('',(-1.E0,0.E0,0.E0));
#2330=DIRECTION('',(0.E0,1.E0,0.E0));
#2331=AXIS2_PLACEMENT_3D('',#2328,#2329,#2330);
#2332=PLANE('',#2331);
#2333=ORIENTED_EDGE('',*,*,#2317,.F.);
#2335=ORIENTED_EDGE('',*,*,#2334,.F.);
#2337=ORIENTED_EDGE('',*,*,#2336,.F.);
#2339=ORIENTED_EDGE('',*,*,#2338,.F.);
#2341=ORIENTED_EDGE('',*,*,#2340,.F.);
#2343=ORIENTED_EDGE('',*,*,#2342,.T.);
#2345=ORIENTED_EDGE('',*,*,#2344,.T.);
#2347=ORIENTED_EDGE('',*,*,#2346,.T.);
#2348=EDGE_LOOP('',(#2333,#2335,#2337,#2339,#2341,#2343,#2345,#2347));
#2349=FACE_OUTER_BOUND('',#2348,.F.);
#2350=ADVANCED_FACE('',(#2349),#2332,.T.);
#2351=CARTESIAN_POINT('',(3.655E-1,-3.155E-1,2.915E-1));
#2352=DIRECTION('',(-1.E0,0.E0,0.E0));
#2353=DIRECTION('',(0.E0,1.E0,0.E0));
#2354=AXIS2_PLACEMENT_3D('',#2351,#2352,#2353);
#2355=PLANE('',#2354);
#2357=ORIENTED_EDGE('',*,*,#2356,.T.);
#2359=ORIENTED_EDGE('',*,*,#2358,.T.);
#2361=ORIENTED_EDGE('',*,*,#2360,.T.);
#2363=ORIENTED_EDGE('',*,*,#2362,.F.);
#2364=EDGE_LOOP('',(#2357,#2359,#2361,#2363));
#2365=FACE_OUTER_BOUND('',#2364,.F.);
#2366=ADVANCED_FACE('',(#2365),#2355,.T.);
#2367=CARTESIAN_POINT('',(3.655E-1,-1.95E-1,-4.3E-2));
#2368=DIRECTION('',(0.E0,0.E0,1.E0));
#2369=DIRECTION('',(1.E0,0.E0,0.E0));
#2370=AXIS2_PLACEMENT_3D('',#2367,#2368,#2369);
#2371=PLANE('',#2370);
#2372=ORIENTED_EDGE('',*,*,#2323,.T.);
#2374=ORIENTED_EDGE('',*,*,#2373,.F.);
#2376=ORIENTED_EDGE('',*,*,#2375,.F.);
#2377=ORIENTED_EDGE('',*,*,#2334,.T.);
#2378=EDGE_LOOP('',(#2372,#2374,#2376,#2377));
#2379=FACE_OUTER_BOUND('',#2378,.F.);
#2380=ADVANCED_FACE('',(#2379),#2371,.T.);
#2381=CARTESIAN_POINT('',(3.655E-1,-1.95E-1,-4.3E-2));
#2382=DIRECTION('',(0.E0,0.E0,1.E0));
#2383=DIRECTION('',(1.E0,0.E0,0.E0));
#2384=AXIS2_PLACEMENT_3D('',#2381,#2382,#2383);
#2385=PLANE('',#2384);
#2387=ORIENTED_EDGE('',*,*,#2386,.F.);
#2388=ORIENTED_EDGE('',*,*,#2362,.T.);
#2390=ORIENTED_EDGE('',*,*,#2389,.T.);
#2392=ORIENTED_EDGE('',*,*,#2391,.F.);
#2393=EDGE_LOOP('',(#2387,#2388,#2390,#2392));
#2394=FACE_OUTER_BOUND('',#2393,.F.);
#2395=ADVANCED_FACE('',(#2394),#2385,.T.);
#2396=CARTESIAN_POINT('',(4.105E-1,-2.705E-1,2.915E-1));
#2397=DIRECTION('',(1.E0,0.E0,0.E0));
#2398=DIRECTION('',(0.E0,-1.E0,0.E0));
#2399=AXIS2_PLACEMENT_3D('',#2396,#2397,#2398);
#2400=PLANE('',#2399);
#2401=ORIENTED_EDGE('',*,*,#2321,.T.);
#2403=ORIENTED_EDGE('',*,*,#2402,.F.);
#2405=ORIENTED_EDGE('',*,*,#2404,.F.);
#2407=ORIENTED_EDGE('',*,*,#2406,.F.);
#2409=ORIENTED_EDGE('',*,*,#2408,.F.);
#2411=ORIENTED_EDGE('',*,*,#2410,.T.);
#2413=ORIENTED_EDGE('',*,*,#2412,.T.);
#2414=ORIENTED_EDGE('',*,*,#2373,.T.);
#2415=EDGE_LOOP('',(#2401,#2403,#2405,#2407,#2409,#2411,#2413,#2414));
#2416=FACE_OUTER_BOUND('',#2415,.F.);
#2417=ADVANCED_FACE('',(#2416),#2400,.T.);
#2418=CARTESIAN_POINT('',(4.105E-1,-2.705E-1,2.915E-1));
#2419=DIRECTION('',(1.E0,0.E0,0.E0));
#2420=DIRECTION('',(0.E0,-1.E0,0.E0));
#2421=AXIS2_PLACEMENT_3D('',#2418,#2419,#2420);
#2422=PLANE('',#2421);
#2424=ORIENTED_EDGE('',*,*,#2423,.F.);
#2425=ORIENTED_EDGE('',*,*,#2391,.T.);
#2427=ORIENTED_EDGE('',*,*,#2426,.T.);
#2429=ORIENTED_EDGE('',*,*,#2428,.F.);
#2430=EDGE_LOOP('',(#2424,#2425,#2427,#2429));
#2431=FACE_OUTER_BOUND('',#2430,.F.);
#2432=ADVANCED_FACE('',(#2431),#2422,.T.);
#2433=CARTESIAN_POINT('',(4.105E-1,-1.95E-1,-8.8E-2));
#2434=DIRECTION('',(0.E0,0.E0,-1.E0));
#2435=DIRECTION('',(-1.E0,0.E0,0.E0));
#2436=AXIS2_PLACEMENT_3D('',#2433,#2434,#2435);
#2437=PLANE('',#2436);
#2438=ORIENTED_EDGE('',*,*,#2319,.T.);
#2439=ORIENTED_EDGE('',*,*,#2346,.F.);
#2441=ORIENTED_EDGE('',*,*,#2440,.F.);
#2442=ORIENTED_EDGE('',*,*,#2402,.T.);
#2443=EDGE_LOOP('',(#2438,#2439,#2441,#2442));
#2444=FACE_OUTER_BOUND('',#2443,.F.);
#2445=ADVANCED_FACE('',(#2444),#2437,.T.);
#2446=CARTESIAN_POINT('',(4.105E-1,-1.95E-1,-8.8E-2));
#2447=DIRECTION('',(0.E0,0.E0,-1.E0));
#2448=DIRECTION('',(-1.E0,0.E0,0.E0));
#2449=AXIS2_PLACEMENT_3D('',#2446,#2447,#2448);
#2450=PLANE('',#2449);
#2452=ORIENTED_EDGE('',*,*,#2451,.F.);
#2453=ORIENTED_EDGE('',*,*,#2428,.T.);
#2455=ORIENTED_EDGE('',*,*,#2454,.T.);
#2456=ORIENTED_EDGE('',*,*,#2358,.F.);
#2457=EDGE_LOOP('',(#2452,#2453,#2455,#2456));
#2458=FACE_OUTER_BOUND('',#2457,.F.);
#2459=ADVANCED_FACE('',(#2458),#2450,.T.);
#2460=CARTESIAN_POINT('',(-6.12E-1,-1.95E-1,3.25E-2));
#2461=DIRECTION('',(1.E0,0.E0,0.E0));
#2462=DIRECTION('',(0.E0,1.E0,0.E0));
#2463=AXIS2_PLACEMENT_3D('',#2460,#2461,#2462);
#2464=CYLINDRICAL_SURFACE('',#2463,1.205E-1);
#2466=ORIENTED_EDGE('',*,*,#2465,.F.);
#2467=ORIENTED_EDGE('',*,*,#2404,.T.);
#2468=ORIENTED_EDGE('',*,*,#2440,.T.);
#2469=ORIENTED_EDGE('',*,*,#2344,.F.);
#2470=EDGE_LOOP('',(#2466,#2467,#2468,#2469));
#2471=FACE_OUTER_BOUND('',#2470,.F.);
#2472=ADVANCED_FACE('',(#2471),#2464,.T.);
#2473=CARTESIAN_POINT('',(4.105E-1,-3.155E-1,2.915E-1));
#2474=DIRECTION('',(0.E0,-1.E0,0.E0));
#2475=DIRECTION('',(-1.E0,0.E0,0.E0));
#2476=AXIS2_PLACEMENT_3D('',#2473,#2474,#2475);
#2477=PLANE('',#2476);
#2479=ORIENTED_EDGE('',*,*,#2478,.F.);
#2480=ORIENTED_EDGE('',*,*,#2406,.T.);
#2481=ORIENTED_EDGE('',*,*,#2465,.T.);
#2482=ORIENTED_EDGE('',*,*,#2342,.F.);
#2483=EDGE_LOOP('',(#2479,#2480,#2481,#2482));
#2484=FACE_OUTER_BOUND('',#2483,.F.);
#2485=ADVANCED_FACE('',(#2484),#2477,.T.);
#2486=CARTESIAN_POINT('',(3.88E-1,-2.93E-1,2.915E-1));
#2487=DIRECTION('',(0.E0,0.E0,-1.E0));
#2488=DIRECTION('',(0.E0,1.E0,0.E0));
#2489=AXIS2_PLACEMENT_3D('',#2486,#2487,#2488);
#2490=PLANE('',#2489);
#2491=ORIENTED_EDGE('',*,*,#2478,.T.);
#2492=ORIENTED_EDGE('',*,*,#2340,.T.);
#2494=ORIENTED_EDGE('',*,*,#2493,.T.);
#2495=ORIENTED_EDGE('',*,*,#2408,.T.);
#2496=EDGE_LOOP('',(#2491,#2492,#2494,#2495));
#2497=FACE_OUTER_BOUND('',#2496,.F.);
#2498=ADVANCED_FACE('',(#2497),#2490,.F.);
#2499=CARTESIAN_POINT('',(3.655E-1,-2.705E-1,2.915E-1));
#2500=DIRECTION('',(0.E0,1.E0,0.E0));
#2501=DIRECTION('',(1.E0,0.E0,0.E0));
#2502=AXIS2_PLACEMENT_3D('',#2499,#2500,#2501);
#2503=PLANE('',#2502);
#2504=ORIENTED_EDGE('',*,*,#2493,.F.);
#2505=ORIENTED_EDGE('',*,*,#2338,.T.);
#2507=ORIENTED_EDGE('',*,*,#2506,.T.);
#2508=ORIENTED_EDGE('',*,*,#2410,.F.);
#2509=EDGE_LOOP('',(#2504,#2505,#2507,#2508));
#2510=FACE_OUTER_BOUND('',#2509,.F.);
#2511=ADVANCED_FACE('',(#2510),#2503,.T.);
#2512=CARTESIAN_POINT('',(-6.12E-1,-1.95E-1,3.25E-2));
#2513=DIRECTION('',(1.E0,0.E0,0.E0));
#2514=DIRECTION('',(0.E0,1.E0,0.E0));
#2515=AXIS2_PLACEMENT_3D('',#2512,#2513,#2514);
#2516=CYLINDRICAL_SURFACE('',#2515,7.55E-2);
#2517=ORIENTED_EDGE('',*,*,#2506,.F.);
#2518=ORIENTED_EDGE('',*,*,#2336,.T.);
#2519=ORIENTED_EDGE('',*,*,#2375,.T.);
#2520=ORIENTED_EDGE('',*,*,#2412,.F.);
#2521=EDGE_LOOP('',(#2517,#2518,#2519,#2520));
#2522=FACE_OUTER_BOUND('',#2521,.F.);
#2523=ADVANCED_FACE('',(#2522),#2516,.F.);
#2524=CARTESIAN_POINT('',(-4.65E-1,5.E-2,-1.355E-1));
#2525=DIRECTION('',(0.E0,1.E0,0.E0));
#2526=DIRECTION('',(0.E0,0.E0,1.E0));
#2527=AXIS2_PLACEMENT_3D('',#2524,#2525,#2526);
#2528=PLANE('',#2527);
#2530=ORIENTED_EDGE('',*,*,#2529,.T.);
#2532=ORIENTED_EDGE('',*,*,#2531,.T.);
#2534=ORIENTED_EDGE('',*,*,#2533,.T.);
#2536=ORIENTED_EDGE('',*,*,#2535,.F.);
#2537=ORIENTED_EDGE('',*,*,#2178,.F.);
#2539=ORIENTED_EDGE('',*,*,#2538,.T.);
#2541=ORIENTED_EDGE('',*,*,#2540,.T.);
#2543=ORIENTED_EDGE('',*,*,#2542,.T.);
#2544=EDGE_LOOP('',(#2530,#2532,#2534,#2536,#2537,#2539,#2541,#2543));
#2545=FACE_OUTER_BOUND('',#2544,.F.);
#2547=ORIENTED_EDGE('',*,*,#2546,.F.);
#2549=ORIENTED_EDGE('',*,*,#2548,.T.);
#2551=ORIENTED_EDGE('',*,*,#2550,.T.);
#2553=ORIENTED_EDGE('',*,*,#2552,.T.);
#2554=EDGE_LOOP('',(#2547,#2549,#2551,#2553));
#2555=FACE_BOUND('',#2554,.F.);
#2557=ORIENTED_EDGE('',*,*,#2556,.F.);
#2559=ORIENTED_EDGE('',*,*,#2558,.T.);
#2561=ORIENTED_EDGE('',*,*,#2560,.T.);
#2563=ORIENTED_EDGE('',*,*,#2562,.T.);
#2564=EDGE_LOOP('',(#2557,#2559,#2561,#2563));
#2565=FACE_BOUND('',#2564,.F.);
#2567=ORIENTED_EDGE('',*,*,#2566,.F.);
#2569=ORIENTED_EDGE('',*,*,#2568,.T.);
#2571=ORIENTED_EDGE('',*,*,#2570,.T.);
#2573=ORIENTED_EDGE('',*,*,#2572,.T.);
#2574=EDGE_LOOP('',(#2567,#2569,#2571,#2573));
#2575=FACE_BOUND('',#2574,.F.);
#2577=ORIENTED_EDGE('',*,*,#2576,.F.);
#2579=ORIENTED_EDGE('',*,*,#2578,.T.);
#2581=ORIENTED_EDGE('',*,*,#2580,.T.);
#2583=ORIENTED_EDGE('',*,*,#2582,.T.);
#2584=EDGE_LOOP('',(#2577,#2579,#2581,#2583));
#2585=FACE_BOUND('',#2584,.F.);
#2587=ORIENTED_EDGE('',*,*,#2586,.F.);
#2589=ORIENTED_EDGE('',*,*,#2588,.T.);
#2591=ORIENTED_EDGE('',*,*,#2590,.T.);
#2593=ORIENTED_EDGE('',*,*,#2592,.T.);
#2594=EDGE_LOOP('',(#2587,#2589,#2591,#2593));
#2595=FACE_BOUND('',#2594,.F.);
#2596=ORIENTED_EDGE('',*,*,#2356,.F.);
#2597=ORIENTED_EDGE('',*,*,#2386,.T.);
#2598=ORIENTED_EDGE('',*,*,#2423,.T.);
#2599=ORIENTED_EDGE('',*,*,#2451,.T.);
#2600=EDGE_LOOP('',(#2596,#2597,#2598,#2599));
#2601=FACE_BOUND('',#2600,.F.);
#2602=ADVANCED_FACE('',(#2545,#2555,#2565,#2575,#2585,#2595,#2601),#2528,.T.);
#2603=CARTESIAN_POINT('',(2.095E-1,-3.155E-1,2.915E-1));
#2604=DIRECTION('',(-1.E0,0.E0,0.E0));
#2605=DIRECTION('',(0.E0,1.E0,0.E0));
#2606=AXIS2_PLACEMENT_3D('',#2603,#2604,#2605);
#2607=PLANE('',#2606);
#2608=ORIENTED_EDGE('',*,*,#2267,.F.);
#2610=ORIENTED_EDGE('',*,*,#2609,.F.);
#2612=ORIENTED_EDGE('',*,*,#2611,.F.);
#2614=ORIENTED_EDGE('',*,*,#2613,.F.);
#2616=ORIENTED_EDGE('',*,*,#2615,.F.);
#2618=ORIENTED_EDGE('',*,*,#2617,.T.);
#2620=ORIENTED_EDGE('',*,*,#2619,.T.);
#2622=ORIENTED_EDGE('',*,*,#2621,.T.);
#2623=EDGE_LOOP('',(#2608,#2610,#2612,#2614,#2616,#2618,#2620,#2622));
#2624=FACE_OUTER_BOUND('',#2623,.F.);
#2625=ADVANCED_FACE('',(#2624),#2607,.T.);
#2626=CARTESIAN_POINT('',(2.095E-1,-3.155E-1,2.915E-1));
#2627=DIRECTION('',(-1.E0,0.E0,0.E0));
#2628=DIRECTION('',(0.E0,1.E0,0.E0));
#2629=AXIS2_PLACEMENT_3D('',#2626,#2627,#2628);
#2630=PLANE('',#2629);
#2631=ORIENTED_EDGE('',*,*,#2546,.T.);
#2633=ORIENTED_EDGE('',*,*,#2632,.T.);
#2635=ORIENTED_EDGE('',*,*,#2634,.T.);
#2637=ORIENTED_EDGE('',*,*,#2636,.F.);
#2638=EDGE_LOOP('',(#2631,#2633,#2635,#2637));
#2639=FACE_OUTER_BOUND('',#2638,.F.);
#2640=ADVANCED_FACE('',(#2639),#2630,.T.);
#2641=CARTESIAN_POINT('',(2.095E-1,-1.95E-1,-4.3E-2));
#2642=DIRECTION('',(0.E0,0.E0,1.E0));
#2643=DIRECTION('',(1.E0,0.E0,0.E0));
#2644=AXIS2_PLACEMENT_3D('',#2641,#2642,#2643);
#2645=PLANE('',#2644);
#2646=ORIENTED_EDGE('',*,*,#2273,.T.);
#2648=ORIENTED_EDGE('',*,*,#2647,.F.);
#2650=ORIENTED_EDGE('',*,*,#2649,.F.);
#2651=ORIENTED_EDGE('',*,*,#2609,.T.);
#2652=EDGE_LOOP('',(#2646,#2648,#2650,#2651));
#2653=FACE_OUTER_BOUND('',#2652,.F.);
#2654=ADVANCED_FACE('',(#2653),#2645,.T.);
#2655=CARTESIAN_POINT('',(2.095E-1,-1.95E-1,-4.3E-2));
#2656=DIRECTION('',(0.E0,0.E0,1.E0));
#2657=DIRECTION('',(1.E0,0.E0,0.E0));
#2658=AXIS2_PLACEMENT_3D('',#2655,#2656,#2657);
#2659=PLANE('',#2658);
#2660=ORIENTED_EDGE('',*,*,#2548,.F.);
#2661=ORIENTED_EDGE('',*,*,#2636,.T.);
#2663=ORIENTED_EDGE('',*,*,#2662,.T.);
#2665=ORIENTED_EDGE('',*,*,#2664,.F.);
#2666=EDGE_LOOP('',(#2660,#2661,#2663,#2665));
#2667=FACE_OUTER_BOUND('',#2666,.F.);
#2668=ADVANCED_FACE('',(#2667),#2659,.T.);
#2669=CARTESIAN_POINT('',(2.545E-1,-2.705E-1,2.915E-1));
#2670=DIRECTION('',(1.E0,0.E0,0.E0));
#2671=DIRECTION('',(0.E0,-1.E0,0.E0));
#2672=AXIS2_PLACEMENT_3D('',#2669,#2670,#2671);
#2673=PLANE('',#2672);
#2674=ORIENTED_EDGE('',*,*,#2271,.T.);
#2676=ORIENTED_EDGE('',*,*,#2675,.F.);
#2678=ORIENTED_EDGE('',*,*,#2677,.F.);
#2680=ORIENTED_EDGE('',*,*,#2679,.F.);
#2682=ORIENTED_EDGE('',*,*,#2681,.F.);
#2684=ORIENTED_EDGE('',*,*,#2683,.T.);
#2686=ORIENTED_EDGE('',*,*,#2685,.T.);
#2687=ORIENTED_EDGE('',*,*,#2647,.T.);
#2688=EDGE_LOOP('',(#2674,#2676,#2678,#2680,#2682,#2684,#2686,#2687));
#2689=FACE_OUTER_BOUND('',#2688,.F.);
#2690=ADVANCED_FACE('',(#2689),#2673,.T.);
#2691=CARTESIAN_POINT('',(2.545E-1,-2.705E-1,2.915E-1));
#2692=DIRECTION('',(1.E0,0.E0,0.E0));
#2693=DIRECTION('',(0.E0,-1.E0,0.E0));
#2694=AXIS2_PLACEMENT_3D('',#2691,#2692,#2693);
#2695=PLANE('',#2694);
#2696=ORIENTED_EDGE('',*,*,#2550,.F.);
#2697=ORIENTED_EDGE('',*,*,#2664,.T.);
#2699=ORIENTED_EDGE('',*,*,#2698,.T.);
#2701=ORIENTED_EDGE('',*,*,#2700,.F.);
#2702=EDGE_LOOP('',(#2696,#2697,#2699,#2701));
#2703=FACE_OUTER_BOUND('',#2702,.F.);
#2704=ADVANCED_FACE('',(#2703),#2695,.T.);
#2705=CARTESIAN_POINT('',(2.545E-1,-1.95E-1,-8.8E-2));
#2706=DIRECTION('',(0.E0,0.E0,-1.E0));
#2707=DIRECTION('',(-1.E0,0.E0,0.E0));
#2708=AXIS2_PLACEMENT_3D('',#2705,#2706,#2707);
#2709=PLANE('',#2708);
#2710=ORIENTED_EDGE('',*,*,#2269,.T.);
#2711=ORIENTED_EDGE('',*,*,#2621,.F.);
#2713=ORIENTED_EDGE('',*,*,#2712,.F.);
#2714=ORIENTED_EDGE('',*,*,#2675,.T.);
#2715=EDGE_LOOP('',(#2710,#2711,#2713,#2714));
#2716=FACE_OUTER_BOUND('',#2715,.F.);
#2717=ADVANCED_FACE('',(#2716),#2709,.T.);
#2718=CARTESIAN_POINT('',(2.545E-1,-1.95E-1,-8.8E-2));
#2719=DIRECTION('',(0.E0,0.E0,-1.E0));
#2720=DIRECTION('',(-1.E0,0.E0,0.E0));
#2721=AXIS2_PLACEMENT_3D('',#2718,#2719,#2720);
#2722=PLANE('',#2721);
#2723=ORIENTED_EDGE('',*,*,#2552,.F.);
#2724=ORIENTED_EDGE('',*,*,#2700,.T.);
#2726=ORIENTED_EDGE('',*,*,#2725,.T.);
#2727=ORIENTED_EDGE('',*,*,#2632,.F.);
#2728=EDGE_LOOP('',(#2723,#2724,#2726,#2727));
#2729=FACE_OUTER_BOUND('',#2728,.F.);
#2730=ADVANCED_FACE('',(#2729),#2722,.T.);
#2731=CARTESIAN_POINT('',(-7.68E-1,-1.95E-1,3.25E-2));
#2732=DIRECTION('',(1.E0,0.E0,0.E0));
#2733=DIRECTION('',(0.E0,1.E0,0.E0));
#2734=AXIS2_PLACEMENT_3D('',#2731,#2732,#2733);
#2735=CYLINDRICAL_SURFACE('',#2734,1.205E-1);
#2737=ORIENTED_EDGE('',*,*,#2736,.F.);
#2738=ORIENTED_EDGE('',*,*,#2677,.T.);
#2739=ORIENTED_EDGE('',*,*,#2712,.T.);
#2740=ORIENTED_EDGE('',*,*,#2619,.F.);
#2741=EDGE_LOOP('',(#2737,#2738,#2739,#2740));
#2742=FACE_OUTER_BOUND('',#2741,.F.);
#2743=ADVANCED_FACE('',(#2742),#2735,.T.);
#2744=CARTESIAN_POINT('',(2.545E-1,-3.155E-1,2.915E-1));
#2745=DIRECTION('',(0.E0,-1.E0,0.E0));
#2746=DIRECTION('',(-1.E0,0.E0,0.E0));
#2747=AXIS2_PLACEMENT_3D('',#2744,#2745,#2746);
#2748=PLANE('',#2747);
#2750=ORIENTED_EDGE('',*,*,#2749,.F.);
#2751=ORIENTED_EDGE('',*,*,#2679,.T.);
#2752=ORIENTED_EDGE('',*,*,#2736,.T.);
#2753=ORIENTED_EDGE('',*,*,#2617,.F.);
#2754=EDGE_LOOP('',(#2750,#2751,#2752,#2753));
#2755=FACE_OUTER_BOUND('',#2754,.F.);
#2756=ADVANCED_FACE('',(#2755),#2748,.T.);
#2757=CARTESIAN_POINT('',(2.32E-1,-2.93E-1,2.915E-1));
#2758=DIRECTION('',(0.E0,0.E0,-1.E0));
#2759=DIRECTION('',(0.E0,1.E0,0.E0));
#2760=AXIS2_PLACEMENT_3D('',#2757,#2758,#2759);
#2761=PLANE('',#2760);
#2762=ORIENTED_EDGE('',*,*,#2749,.T.);
#2763=ORIENTED_EDGE('',*,*,#2615,.T.);
#2765=ORIENTED_EDGE('',*,*,#2764,.T.);
#2766=ORIENTED_EDGE('',*,*,#2681,.T.);
#2767=EDGE_LOOP('',(#2762,#2763,#2765,#2766));
#2768=FACE_OUTER_BOUND('',#2767,.F.);
#2769=ADVANCED_FACE('',(#2768),#2761,.F.);
#2770=CARTESIAN_POINT('',(2.095E-1,-2.705E-1,2.915E-1));
#2771=DIRECTION('',(0.E0,1.E0,0.E0));
#2772=DIRECTION('',(1.E0,0.E0,0.E0));
#2773=AXIS2_PLACEMENT_3D('',#2770,#2771,#2772);
#2774=PLANE('',#2773);
#2775=ORIENTED_EDGE('',*,*,#2764,.F.);
#2776=ORIENTED_EDGE('',*,*,#2613,.T.);
#2778=ORIENTED_EDGE('',*,*,#2777,.T.);
#2779=ORIENTED_EDGE('',*,*,#2683,.F.);
#2780=EDGE_LOOP('',(#2775,#2776,#2778,#2779));
#2781=FACE_OUTER_BOUND('',#2780,.F.);
#2782=ADVANCED_FACE('',(#2781),#2774,.T.);
#2783=CARTESIAN_POINT('',(-7.68E-1,-1.95E-1,3.25E-2));
#2784=DIRECTION('',(1.E0,0.E0,0.E0));
#2785=DIRECTION('',(0.E0,1.E0,0.E0));
#2786=AXIS2_PLACEMENT_3D('',#2783,#2784,#2785);
#2787=CYLINDRICAL_SURFACE('',#2786,7.55E-2);
#2788=ORIENTED_EDGE('',*,*,#2777,.F.);
#2789=ORIENTED_EDGE('',*,*,#2611,.T.);
#2790=ORIENTED_EDGE('',*,*,#2649,.T.);
#2791=ORIENTED_EDGE('',*,*,#2685,.F.);
#2792=EDGE_LOOP('',(#2788,#2789,#2790,#2791));
#2793=FACE_OUTER_BOUND('',#2792,.F.);
#2794=ADVANCED_FACE('',(#2793),#2787,.F.);
#2795=CARTESIAN_POINT('',(2.32E-1,5.E-1,-6.55E-2));
#2796=DIRECTION('',(0.E0,1.E0,0.E0));
#2797=DIRECTION('',(0.E0,0.E0,1.E0));
#2798=AXIS2_PLACEMENT_3D('',#2795,#2796,#2797);
#2799=PLANE('',#2798);
#2800=ORIENTED_EDGE('',*,*,#2725,.F.);
#2801=ORIENTED_EDGE('',*,*,#2698,.F.);
#2802=ORIENTED_EDGE('',*,*,#2662,.F.);
#2803=ORIENTED_EDGE('',*,*,#2634,.F.);
#2804=EDGE_LOOP('',(#2800,#2801,#2802,#2803));
#2805=FACE_OUTER_BOUND('',#2804,.F.);
#2806=ADVANCED_FACE('',(#2805),#2799,.T.);
#2807=CARTESIAN_POINT('',(5.35E-2,-3.155E-1,2.915E-1));
#2808=DIRECTION('',(-1.E0,0.E0,0.E0));
#2809=DIRECTION('',(0.E0,1.E0,0.E0));
#2810=AXIS2_PLACEMENT_3D('',#2807,#2808,#2809);
#2811=PLANE('',#2810);
#2812=ORIENTED_EDGE('',*,*,#2277,.F.);
#2814=ORIENTED_EDGE('',*,*,#2813,.F.);
#2816=ORIENTED_EDGE('',*,*,#2815,.F.);
#2818=ORIENTED_EDGE('',*,*,#2817,.F.);
#2820=ORIENTED_EDGE('',*,*,#2819,.F.);
#2822=ORIENTED_EDGE('',*,*,#2821,.T.);
#2824=ORIENTED_EDGE('',*,*,#2823,.T.);
#2826=ORIENTED_EDGE('',*,*,#2825,.T.);
#2827=EDGE_LOOP('',(#2812,#2814,#2816,#2818,#2820,#2822,#2824,#2826));
#2828=FACE_OUTER_BOUND('',#2827,.F.);
#2829=ADVANCED_FACE('',(#2828),#2811,.T.);
#2830=CARTESIAN_POINT('',(5.35E-2,-3.155E-1,2.915E-1));
#2831=DIRECTION('',(-1.E0,0.E0,0.E0));
#2832=DIRECTION('',(0.E0,1.E0,0.E0));
#2833=AXIS2_PLACEMENT_3D('',#2830,#2831,#2832);
#2834=PLANE('',#2833);
#2835=ORIENTED_EDGE('',*,*,#2556,.T.);
#2837=ORIENTED_EDGE('',*,*,#2836,.T.);
#2839=ORIENTED_EDGE('',*,*,#2838,.T.);
#2841=ORIENTED_EDGE('',*,*,#2840,.F.);
#2842=EDGE_LOOP('',(#2835,#2837,#2839,#2841));
#2843=FACE_OUTER_BOUND('',#2842,.F.);
#2844=ADVANCED_FACE('',(#2843),#2834,.T.);
#2845=CARTESIAN_POINT('',(5.35E-2,-1.95E-1,-4.3E-2));
#2846=DIRECTION('',(0.E0,0.E0,1.E0));
#2847=DIRECTION('',(1.E0,0.E0,0.E0));
#2848=AXIS2_PLACEMENT_3D('',#2845,#2846,#2847);
#2849=PLANE('',#2848);
#2850=ORIENTED_EDGE('',*,*,#2283,.T.);
#2852=ORIENTED_EDGE('',*,*,#2851,.F.);
#2854=ORIENTED_EDGE('',*,*,#2853,.F.);
#2855=ORIENTED_EDGE('',*,*,#2813,.T.);
#2856=EDGE_LOOP('',(#2850,#2852,#2854,#2855));
#2857=FACE_OUTER_BOUND('',#2856,.F.);
#2858=ADVANCED_FACE('',(#2857),#2849,.T.);
#2859=CARTESIAN_POINT('',(5.35E-2,-1.95E-1,-4.3E-2));
#2860=DIRECTION('',(0.E0,0.E0,1.E0));
#2861=DIRECTION('',(1.E0,0.E0,0.E0));
#2862=AXIS2_PLACEMENT_3D('',#2859,#2860,#2861);
#2863=PLANE('',#2862);
#2864=ORIENTED_EDGE('',*,*,#2558,.F.);
#2865=ORIENTED_EDGE('',*,*,#2840,.T.);
#2867=ORIENTED_EDGE('',*,*,#2866,.T.);
#2869=ORIENTED_EDGE('',*,*,#2868,.F.);
#2870=EDGE_LOOP('',(#2864,#2865,#2867,#2869));
#2871=FACE_OUTER_BOUND('',#2870,.F.);
#2872=ADVANCED_FACE('',(#2871),#2863,.T.);
#2873=CARTESIAN_POINT('',(9.85E-2,-2.705E-1,2.915E-1));
#2874=DIRECTION('',(1.E0,0.E0,0.E0));
#2875=DIRECTION('',(0.E0,-1.E0,0.E0));
#2876=AXIS2_PLACEMENT_3D('',#2873,#2874,#2875);
#2877=PLANE('',#2876);
#2878=ORIENTED_EDGE('',*,*,#2281,.T.);
#2880=ORIENTED_EDGE('',*,*,#2879,.F.);
#2882=ORIENTED_EDGE('',*,*,#2881,.F.);
#2884=ORIENTED_EDGE('',*,*,#2883,.F.);
#2886=ORIENTED_EDGE('',*,*,#2885,.F.);
#2888=ORIENTED_EDGE('',*,*,#2887,.T.);
#2890=ORIENTED_EDGE('',*,*,#2889,.T.);
#2891=ORIENTED_EDGE('',*,*,#2851,.T.);
#2892=EDGE_LOOP('',(#2878,#2880,#2882,#2884,#2886,#2888,#2890,#2891));
#2893=FACE_OUTER_BOUND('',#2892,.F.);
#2894=ADVANCED_FACE('',(#2893),#2877,.T.);
#2895=CARTESIAN_POINT('',(9.85E-2,-2.705E-1,2.915E-1));
#2896=DIRECTION('',(1.E0,0.E0,0.E0));
#2897=DIRECTION('',(0.E0,-1.E0,0.E0));
#2898=AXIS2_PLACEMENT_3D('',#2895,#2896,#2897);
#2899=PLANE('',#2898);
#2900=ORIENTED_EDGE('',*,*,#2560,.F.);
#2901=ORIENTED_EDGE('',*,*,#2868,.T.);
#2903=ORIENTED_EDGE('',*,*,#2902,.T.);
#2905=ORIENTED_EDGE('',*,*,#2904,.F.);
#2906=EDGE_LOOP('',(#2900,#2901,#2903,#2905));
#2907=FACE_OUTER_BOUND('',#2906,.F.);
#2908=ADVANCED_FACE('',(#2907),#2899,.T.);
#2909=CARTESIAN_POINT('',(9.85E-2,-1.95E-1,-8.8E-2));
#2910=DIRECTION('',(0.E0,0.E0,-1.E0));
#2911=DIRECTION('',(-1.E0,0.E0,0.E0));
#2912=AXIS2_PLACEMENT_3D('',#2909,#2910,#2911);
#2913=PLANE('',#2912);
#2914=ORIENTED_EDGE('',*,*,#2279,.T.);
#2915=ORIENTED_EDGE('',*,*,#2825,.F.);
#2917=ORIENTED_EDGE('',*,*,#2916,.F.);
#2918=ORIENTED_EDGE('',*,*,#2879,.T.);
#2919=EDGE_LOOP('',(#2914,#2915,#2917,#2918));
#2920=FACE_OUTER_BOUND('',#2919,.F.);
#2921=ADVANCED_FACE('',(#2920),#2913,.T.);
#2922=CARTESIAN_POINT('',(9.85E-2,-1.95E-1,-8.8E-2));
#2923=DIRECTION('',(0.E0,0.E0,-1.E0));
#2924=DIRECTION('',(-1.E0,0.E0,0.E0));
#2925=AXIS2_PLACEMENT_3D('',#2922,#2923,#2924);
#2926=PLANE('',#2925);
#2927=ORIENTED_EDGE('',*,*,#2562,.F.);
#2928=ORIENTED_EDGE('',*,*,#2904,.T.);
#2930=ORIENTED_EDGE('',*,*,#2929,.T.);
#2931=ORIENTED_EDGE('',*,*,#2836,.F.);
#2932=EDGE_LOOP('',(#2927,#2928,#2930,#2931));
#2933=FACE_OUTER_BOUND('',#2932,.F.);
#2934=ADVANCED_FACE('',(#2933),#2926,.T.);
#2935=CARTESIAN_POINT('',(-9.24E-1,-1.95E-1,3.25E-2));
#2936=DIRECTION('',(1.E0,0.E0,0.E0));
#2937=DIRECTION('',(0.E0,1.E0,0.E0));
#2938=AXIS2_PLACEMENT_3D('',#2935,#2936,#2937);
#2939=CYLINDRICAL_SURFACE('',#2938,1.205E-1);
#2941=ORIENTED_EDGE('',*,*,#2940,.F.);
#2942=ORIENTED_EDGE('',*,*,#2881,.T.);
#2943=ORIENTED_EDGE('',*,*,#2916,.T.);
#2944=ORIENTED_EDGE('',*,*,#2823,.F.);
#2945=EDGE_LOOP('',(#2941,#2942,#2943,#2944));
#2946=FACE_OUTER_BOUND('',#2945,.F.);
#2947=ADVANCED_FACE('',(#2946),#2939,.T.);
#2948=CARTESIAN_POINT('',(9.85E-2,-3.155E-1,2.915E-1));
#2949=DIRECTION('',(0.E0,-1.E0,0.E0));
#2950=DIRECTION('',(-1.E0,0.E0,0.E0));
#2951=AXIS2_PLACEMENT_3D('',#2948,#2949,#2950);
#2952=PLANE('',#2951);
#2954=ORIENTED_EDGE('',*,*,#2953,.F.);
#2955=ORIENTED_EDGE('',*,*,#2883,.T.);
#2956=ORIENTED_EDGE('',*,*,#2940,.T.);
#2957=ORIENTED_EDGE('',*,*,#2821,.F.);
#2958=EDGE_LOOP('',(#2954,#2955,#2956,#2957));
#2959=FACE_OUTER_BOUND('',#2958,.F.);
#2960=ADVANCED_FACE('',(#2959),#2952,.T.);
#2961=CARTESIAN_POINT('',(7.6E-2,-2.93E-1,2.915E-1));
#2962=DIRECTION('',(0.E0,0.E0,-1.E0));
#2963=DIRECTION('',(0.E0,1.E0,0.E0));
#2964=AXIS2_PLACEMENT_3D('',#2961,#2962,#2963);
#2965=PLANE('',#2964);
#2966=ORIENTED_EDGE('',*,*,#2953,.T.);
#2967=ORIENTED_EDGE('',*,*,#2819,.T.);
#2969=ORIENTED_EDGE('',*,*,#2968,.T.);
#2970=ORIENTED_EDGE('',*,*,#2885,.T.);
#2971=EDGE_LOOP('',(#2966,#2967,#2969,#2970));
#2972=FACE_OUTER_BOUND('',#2971,.F.);
#2973=ADVANCED_FACE('',(#2972),#2965,.F.);
#2974=CARTESIAN_POINT('',(5.35E-2,-2.705E-1,2.915E-1));
#2975=DIRECTION('',(0.E0,1.E0,0.E0));
#2976=DIRECTION('',(1.E0,0.E0,0.E0));
#2977=AXIS2_PLACEMENT_3D('',#2974,#2975,#2976);
#2978=PLANE('',#2977);
#2979=ORIENTED_EDGE('',*,*,#2968,.F.);
#2980=ORIENTED_EDGE('',*,*,#2817,.T.);
#2982=ORIENTED_EDGE('',*,*,#2981,.T.);
#2983=ORIENTED_EDGE('',*,*,#2887,.F.);
#2984=EDGE_LOOP('',(#2979,#2980,#2982,#2983));
#2985=FACE_OUTER_BOUND('',#2984,.F.);
#2986=ADVANCED_FACE('',(#2985),#2978,.T.);
#2987=CARTESIAN_POINT('',(-9.24E-1,-1.95E-1,3.25E-2));
#2988=DIRECTION('',(1.E0,0.E0,0.E0));
#2989=DIRECTION('',(0.E0,1.E0,0.E0));
#2990=AXIS2_PLACEMENT_3D('',#2987,#2988,#2989);
#2991=CYLINDRICAL_SURFACE('',#2990,7.55E-2);
#2992=ORIENTED_EDGE('',*,*,#2981,.F.);
#2993=ORIENTED_EDGE('',*,*,#2815,.T.);
#2994=ORIENTED_EDGE('',*,*,#2853,.T.);
#2995=ORIENTED_EDGE('',*,*,#2889,.F.);
#2996=EDGE_LOOP('',(#2992,#2993,#2994,#2995));
#2997=FACE_OUTER_BOUND('',#2996,.F.);
#2998=ADVANCED_FACE('',(#2997),#2991,.F.);
#2999=CARTESIAN_POINT('',(7.6E-2,5.E-1,-6.55E-2));
#3000=DIRECTION('',(0.E0,1.E0,0.E0));
#3001=DIRECTION('',(0.E0,0.E0,1.E0));
#3002=AXIS2_PLACEMENT_3D('',#2999,#3000,#3001);
#3003=PLANE('',#3002);
#3004=ORIENTED_EDGE('',*,*,#2929,.F.);
#3005=ORIENTED_EDGE('',*,*,#2902,.F.);
#3006=ORIENTED_EDGE('',*,*,#2866,.F.);
#3007=ORIENTED_EDGE('',*,*,#2838,.F.);
#3008=EDGE_LOOP('',(#3004,#3005,#3006,#3007));
#3009=FACE_OUTER_BOUND('',#3008,.F.);
#3010=ADVANCED_FACE('',(#3009),#3003,.T.);
#3011=CARTESIAN_POINT('',(-1.025E-1,-3.155E-1,2.915E-1));
#3012=DIRECTION('',(-1.E0,0.E0,0.E0));
#3013=DIRECTION('',(0.E0,1.E0,0.E0));
#3014=AXIS2_PLACEMENT_3D('',#3011,#3012,#3013);
#3015=PLANE('',#3014);
#3016=ORIENTED_EDGE('',*,*,#2287,.F.);
#3018=ORIENTED_EDGE('',*,*,#3017,.F.);
#3020=ORIENTED_EDGE('',*,*,#3019,.F.);
#3022=ORIENTED_EDGE('',*,*,#3021,.F.);
#3024=ORIENTED_EDGE('',*,*,#3023,.F.);
#3026=ORIENTED_EDGE('',*,*,#3025,.T.);
#3028=ORIENTED_EDGE('',*,*,#3027,.T.);
#3030=ORIENTED_EDGE('',*,*,#3029,.T.);
#3031=EDGE_LOOP('',(#3016,#3018,#3020,#3022,#3024,#3026,#3028,#3030));
#3032=FACE_OUTER_BOUND('',#3031,.F.);
#3033=ADVANCED_FACE('',(#3032),#3015,.T.);
#3034=CARTESIAN_POINT('',(-1.025E-1,-3.155E-1,2.915E-1));
#3035=DIRECTION('',(-1.E0,0.E0,0.E0));
#3036=DIRECTION('',(0.E0,1.E0,0.E0));
#3037=AXIS2_PLACEMENT_3D('',#3034,#3035,#3036);
#3038=PLANE('',#3037);
#3039=ORIENTED_EDGE('',*,*,#2566,.T.);
#3041=ORIENTED_EDGE('',*,*,#3040,.T.);
#3043=ORIENTED_EDGE('',*,*,#3042,.T.);
#3045=ORIENTED_EDGE('',*,*,#3044,.F.);
#3046=EDGE_LOOP('',(#3039,#3041,#3043,#3045));
#3047=FACE_OUTER_BOUND('',#3046,.F.);
#3048=ADVANCED_FACE('',(#3047),#3038,.T.);
#3049=CARTESIAN_POINT('',(-1.025E-1,-1.95E-1,-4.3E-2));
#3050=DIRECTION('',(0.E0,0.E0,1.E0));
#3051=DIRECTION('',(1.E0,0.E0,0.E0));
#3052=AXIS2_PLACEMENT_3D('',#3049,#3050,#3051);
#3053=PLANE('',#3052);
#3054=ORIENTED_EDGE('',*,*,#2293,.T.);
#3056=ORIENTED_EDGE('',*,*,#3055,.F.);
#3058=ORIENTED_EDGE('',*,*,#3057,.F.);
#3059=ORIENTED_EDGE('',*,*,#3017,.T.);
#3060=EDGE_LOOP('',(#3054,#3056,#3058,#3059));
#3061=FACE_OUTER_BOUND('',#3060,.F.);
#3062=ADVANCED_FACE('',(#3061),#3053,.T.);
#3063=CARTESIAN_POINT('',(-1.025E-1,-1.95E-1,-4.3E-2));
#3064=DIRECTION('',(0.E0,0.E0,1.E0));
#3065=DIRECTION('',(1.E0,0.E0,0.E0));
#3066=AXIS2_PLACEMENT_3D('',#3063,#3064,#3065);
#3067=PLANE('',#3066);
#3068=ORIENTED_EDGE('',*,*,#2568,.F.);
#3069=ORIENTED_EDGE('',*,*,#3044,.T.);
#3071=ORIENTED_EDGE('',*,*,#3070,.T.);
#3073=ORIENTED_EDGE('',*,*,#3072,.F.);
#3074=EDGE_LOOP('',(#3068,#3069,#3071,#3073));
#3075=FACE_OUTER_BOUND('',#3074,.F.);
#3076=ADVANCED_FACE('',(#3075),#3067,.T.);
#3077=CARTESIAN_POINT('',(-5.75E-2,-2.705E-1,2.915E-1));
#3078=DIRECTION('',(1.E0,0.E0,0.E0));
#3079=DIRECTION('',(0.E0,-1.E0,0.E0));
#3080=AXIS2_PLACEMENT_3D('',#3077,#3078,#3079);
#3081=PLANE('',#3080);
#3082=ORIENTED_EDGE('',*,*,#2291,.T.);
#3084=ORIENTED_EDGE('',*,*,#3083,.F.);
#3086=ORIENTED_EDGE('',*,*,#3085,.F.);
#3088=ORIENTED_EDGE('',*,*,#3087,.F.);
#3090=ORIENTED_EDGE('',*,*,#3089,.F.);
#3092=ORIENTED_EDGE('',*,*,#3091,.T.);
#3094=ORIENTED_EDGE('',*,*,#3093,.T.);
#3095=ORIENTED_EDGE('',*,*,#3055,.T.);
#3096=EDGE_LOOP('',(#3082,#3084,#3086,#3088,#3090,#3092,#3094,#3095));
#3097=FACE_OUTER_BOUND('',#3096,.F.);
#3098=ADVANCED_FACE('',(#3097),#3081,.T.);
#3099=CARTESIAN_POINT('',(-5.75E-2,-2.705E-1,2.915E-1));
#3100=DIRECTION('',(1.E0,0.E0,0.E0));
#3101=DIRECTION('',(0.E0,-1.E0,0.E0));
#3102=AXIS2_PLACEMENT_3D('',#3099,#3100,#3101);
#3103=PLANE('',#3102);
#3104=ORIENTED_EDGE('',*,*,#2570,.F.);
#3105=ORIENTED_EDGE('',*,*,#3072,.T.);
#3107=ORIENTED_EDGE('',*,*,#3106,.T.);
#3109=ORIENTED_EDGE('',*,*,#3108,.F.);
#3110=EDGE_LOOP('',(#3104,#3105,#3107,#3109));
#3111=FACE_OUTER_BOUND('',#3110,.F.);
#3112=ADVANCED_FACE('',(#3111),#3103,.T.);
#3113=CARTESIAN_POINT('',(-5.75E-2,-1.95E-1,-8.8E-2));
#3114=DIRECTION('',(0.E0,0.E0,-1.E0));
#3115=DIRECTION('',(-1.E0,0.E0,0.E0));
#3116=AXIS2_PLACEMENT_3D('',#3113,#3114,#3115);
#3117=PLANE('',#3116);
#3118=ORIENTED_EDGE('',*,*,#2289,.T.);
#3119=ORIENTED_EDGE('',*,*,#3029,.F.);
#3121=ORIENTED_EDGE('',*,*,#3120,.F.);
#3122=ORIENTED_EDGE('',*,*,#3083,.T.);
#3123=EDGE_LOOP('',(#3118,#3119,#3121,#3122));
#3124=FACE_OUTER_BOUND('',#3123,.F.);
#3125=ADVANCED_FACE('',(#3124),#3117,.T.);
#3126=CARTESIAN_POINT('',(-5.75E-2,-1.95E-1,-8.8E-2));
#3127=DIRECTION('',(0.E0,0.E0,-1.E0));
#3128=DIRECTION('',(-1.E0,0.E0,0.E0));
#3129=AXIS2_PLACEMENT_3D('',#3126,#3127,#3128);
#3130=PLANE('',#3129);
#3131=ORIENTED_EDGE('',*,*,#2572,.F.);
#3132=ORIENTED_EDGE('',*,*,#3108,.T.);
#3134=ORIENTED_EDGE('',*,*,#3133,.T.);
#3135=ORIENTED_EDGE('',*,*,#3040,.F.);
#3136=EDGE_LOOP('',(#3131,#3132,#3134,#3135));
#3137=FACE_OUTER_BOUND('',#3136,.F.);
#3138=ADVANCED_FACE('',(#3137),#3130,.T.);
#3139=CARTESIAN_POINT('',(-1.08E0,-1.95E-1,3.25E-2));
#3140=DIRECTION('',(1.E0,0.E0,0.E0));
#3141=DIRECTION('',(0.E0,1.E0,0.E0));
#3142=AXIS2_PLACEMENT_3D('',#3139,#3140,#3141);
#3143=CYLINDRICAL_SURFACE('',#3142,1.205E-1);
#3145=ORIENTED_EDGE('',*,*,#3144,.F.);
#3146=ORIENTED_EDGE('',*,*,#3085,.T.);
#3147=ORIENTED_EDGE('',*,*,#3120,.T.);
#3148=ORIENTED_EDGE('',*,*,#3027,.F.);
#3149=EDGE_LOOP('',(#3145,#3146,#3147,#3148));
#3150=FACE_OUTER_BOUND('',#3149,.F.);
#3151=ADVANCED_FACE('',(#3150),#3143,.T.);
#3152=CARTESIAN_POINT('',(-5.75E-2,-3.155E-1,2.915E-1));
#3153=DIRECTION('',(0.E0,-1.E0,0.E0));
#3154=DIRECTION('',(-1.E0,0.E0,0.E0));
#3155=AXIS2_PLACEMENT_3D('',#3152,#3153,#3154);
#3156=PLANE('',#3155);
#3158=ORIENTED_EDGE('',*,*,#3157,.F.);
#3159=ORIENTED_EDGE('',*,*,#3087,.T.);
#3160=ORIENTED_EDGE('',*,*,#3144,.T.);
#3161=ORIENTED_EDGE('',*,*,#3025,.F.);
#3162=EDGE_LOOP('',(#3158,#3159,#3160,#3161));
#3163=FACE_OUTER_BOUND('',#3162,.F.);
#3164=ADVANCED_FACE('',(#3163),#3156,.T.);
#3165=CARTESIAN_POINT('',(-8.E-2,-2.93E-1,2.915E-1));
#3166=DIRECTION('',(0.E0,0.E0,-1.E0));
#3167=DIRECTION('',(0.E0,1.E0,0.E0));
#3168=AXIS2_PLACEMENT_3D('',#3165,#3166,#3167);
#3169=PLANE('',#3168);
#3170=ORIENTED_EDGE('',*,*,#3157,.T.);
#3171=ORIENTED_EDGE('',*,*,#3023,.T.);
#3173=ORIENTED_EDGE('',*,*,#3172,.T.);
#3174=ORIENTED_EDGE('',*,*,#3089,.T.);
#3175=EDGE_LOOP('',(#3170,#3171,#3173,#3174));
#3176=FACE_OUTER_BOUND('',#3175,.F.);
#3177=ADVANCED_FACE('',(#3176),#3169,.F.);
#3178=CARTESIAN_POINT('',(-1.025E-1,-2.705E-1,2.915E-1));
#3179=DIRECTION('',(0.E0,1.E0,0.E0));
#3180=DIRECTION('',(1.E0,0.E0,0.E0));
#3181=AXIS2_PLACEMENT_3D('',#3178,#3179,#3180);
#3182=PLANE('',#3181);
#3183=ORIENTED_EDGE('',*,*,#3172,.F.);
#3184=ORIENTED_EDGE('',*,*,#3021,.T.);
#3186=ORIENTED_EDGE('',*,*,#3185,.T.);
#3187=ORIENTED_EDGE('',*,*,#3091,.F.);
#3188=EDGE_LOOP('',(#3183,#3184,#3186,#3187));
#3189=FACE_OUTER_BOUND('',#3188,.F.);
#3190=ADVANCED_FACE('',(#3189),#3182,.T.);
#3191=CARTESIAN_POINT('',(-1.08E0,-1.95E-1,3.25E-2));
#3192=DIRECTION('',(1.E0,0.E0,0.E0));
#3193=DIRECTION('',(0.E0,1.E0,0.E0));
#3194=AXIS2_PLACEMENT_3D('',#3191,#3192,#3193);
#3195=CYLINDRICAL_SURFACE('',#3194,7.55E-2);
#3196=ORIENTED_EDGE('',*,*,#3185,.F.);
#3197=ORIENTED_EDGE('',*,*,#3019,.T.);
#3198=ORIENTED_EDGE('',*,*,#3057,.T.);
#3199=ORIENTED_EDGE('',*,*,#3093,.F.);
#3200=EDGE_LOOP('',(#3196,#3197,#3198,#3199));
#3201=FACE_OUTER_BOUND('',#3200,.F.);
#3202=ADVANCED_FACE('',(#3201),#3195,.F.);
#3203=CARTESIAN_POINT('',(-8.E-2,5.E-1,-6.55E-2));
#3204=DIRECTION('',(0.E0,1.E0,0.E0));
#3205=DIRECTION('',(0.E0,0.E0,1.E0));
#3206=AXIS2_PLACEMENT_3D('',#3203,#3204,#3205);
#3207=PLANE('',#3206);
#3208=ORIENTED_EDGE('',*,*,#3133,.F.);
#3209=ORIENTED_EDGE('',*,*,#3106,.F.);
#3210=ORIENTED_EDGE('',*,*,#3070,.F.);
#3211=ORIENTED_EDGE('',*,*,#3042,.F.);
#3212=EDGE_LOOP('',(#3208,#3209,#3210,#3211));
#3213=FACE_OUTER_BOUND('',#3212,.F.);
#3214=ADVANCED_FACE('',(#3213),#3207,.T.);
#3215=CARTESIAN_POINT('',(-2.585E-1,-3.155E-1,2.915E-1));
#3216=DIRECTION('',(-1.E0,0.E0,0.E0));
#3217=DIRECTION('',(0.E0,1.E0,0.E0));
#3218=AXIS2_PLACEMENT_3D('',#3215,#3216,#3217);
#3219=PLANE('',#3218);
#3220=ORIENTED_EDGE('',*,*,#2297,.F.);
#3222=ORIENTED_EDGE('',*,*,#3221,.F.);
#3224=ORIENTED_EDGE('',*,*,#3223,.F.);
#3226=ORIENTED_EDGE('',*,*,#3225,.F.);
#3228=ORIENTED_EDGE('',*,*,#3227,.F.);
#3230=ORIENTED_EDGE('',*,*,#3229,.T.);
#3232=ORIENTED_EDGE('',*,*,#3231,.T.);
#3234=ORIENTED_EDGE('',*,*,#3233,.T.);
#3235=EDGE_LOOP('',(#3220,#3222,#3224,#3226,#3228,#3230,#3232,#3234));
#3236=FACE_OUTER_BOUND('',#3235,.F.);
#3237=ADVANCED_FACE('',(#3236),#3219,.T.);
#3238=CARTESIAN_POINT('',(-2.585E-1,-3.155E-1,2.915E-1));
#3239=DIRECTION('',(-1.E0,0.E0,0.E0));
#3240=DIRECTION('',(0.E0,1.E0,0.E0));
#3241=AXIS2_PLACEMENT_3D('',#3238,#3239,#3240);
#3242=PLANE('',#3241);
#3243=ORIENTED_EDGE('',*,*,#2576,.T.);
#3245=ORIENTED_EDGE('',*,*,#3244,.T.);
#3247=ORIENTED_EDGE('',*,*,#3246,.T.);
#3249=ORIENTED_EDGE('',*,*,#3248,.F.);
#3250=EDGE_LOOP('',(#3243,#3245,#3247,#3249));
#3251=FACE_OUTER_BOUND('',#3250,.F.);
#3252=ADVANCED_FACE('',(#3251),#3242,.T.);
#3253=CARTESIAN_POINT('',(-2.585E-1,-1.95E-1,-4.3E-2));
#3254=DIRECTION('',(0.E0,0.E0,1.E0));
#3255=DIRECTION('',(1.E0,0.E0,0.E0));
#3256=AXIS2_PLACEMENT_3D('',#3253,#3254,#3255);
#3257=PLANE('',#3256);
#3258=ORIENTED_EDGE('',*,*,#2303,.T.);
#3260=ORIENTED_EDGE('',*,*,#3259,.F.);
#3262=ORIENTED_EDGE('',*,*,#3261,.F.);
#3263=ORIENTED_EDGE('',*,*,#3221,.T.);
#3264=EDGE_LOOP('',(#3258,#3260,#3262,#3263));
#3265=FACE_OUTER_BOUND('',#3264,.F.);
#3266=ADVANCED_FACE('',(#3265),#3257,.T.);
#3267=CARTESIAN_POINT('',(-2.585E-1,-1.95E-1,-4.3E-2));
#3268=DIRECTION('',(0.E0,0.E0,1.E0));
#3269=DIRECTION('',(1.E0,0.E0,0.E0));
#3270=AXIS2_PLACEMENT_3D('',#3267,#3268,#3269);
#3271=PLANE('',#3270);
#3272=ORIENTED_EDGE('',*,*,#2578,.F.);
#3273=ORIENTED_EDGE('',*,*,#3248,.T.);
#3275=ORIENTED_EDGE('',*,*,#3274,.T.);
#3277=ORIENTED_EDGE('',*,*,#3276,.F.);
#3278=EDGE_LOOP('',(#3272,#3273,#3275,#3277));
#3279=FACE_OUTER_BOUND('',#3278,.F.);
#3280=ADVANCED_FACE('',(#3279),#3271,.T.);
#3281=CARTESIAN_POINT('',(-2.135E-1,-2.705E-1,2.915E-1));
#3282=DIRECTION('',(1.E0,0.E0,0.E0));
#3283=DIRECTION('',(0.E0,-1.E0,0.E0));
#3284=AXIS2_PLACEMENT_3D('',#3281,#3282,#3283);
#3285=PLANE('',#3284);
#3286=ORIENTED_EDGE('',*,*,#2301,.T.);
#3288=ORIENTED_EDGE('',*,*,#3287,.F.);
#3290=ORIENTED_EDGE('',*,*,#3289,.F.);
#3292=ORIENTED_EDGE('',*,*,#3291,.F.);
#3294=ORIENTED_EDGE('',*,*,#3293,.F.);
#3296=ORIENTED_EDGE('',*,*,#3295,.T.);
#3298=ORIENTED_EDGE('',*,*,#3297,.T.);
#3299=ORIENTED_EDGE('',*,*,#3259,.T.);
#3300=EDGE_LOOP('',(#3286,#3288,#3290,#3292,#3294,#3296,#3298,#3299));
#3301=FACE_OUTER_BOUND('',#3300,.F.);
#3302=ADVANCED_FACE('',(#3301),#3285,.T.);
#3303=CARTESIAN_POINT('',(-2.135E-1,-2.705E-1,2.915E-1));
#3304=DIRECTION('',(1.E0,0.E0,0.E0));
#3305=DIRECTION('',(0.E0,-1.E0,0.E0));
#3306=AXIS2_PLACEMENT_3D('',#3303,#3304,#3305);
#3307=PLANE('',#3306);
#3308=ORIENTED_EDGE('',*,*,#2580,.F.);
#3309=ORIENTED_EDGE('',*,*,#3276,.T.);
#3311=ORIENTED_EDGE('',*,*,#3310,.T.);
#3313=ORIENTED_EDGE('',*,*,#3312,.F.);
#3314=EDGE_LOOP('',(#3308,#3309,#3311,#3313));
#3315=FACE_OUTER_BOUND('',#3314,.F.);
#3316=ADVANCED_FACE('',(#3315),#3307,.T.);
#3317=CARTESIAN_POINT('',(-2.135E-1,-1.95E-1,-8.8E-2));
#3318=DIRECTION('',(0.E0,0.E0,-1.E0));
#3319=DIRECTION('',(-1.E0,0.E0,0.E0));
#3320=AXIS2_PLACEMENT_3D('',#3317,#3318,#3319);
#3321=PLANE('',#3320);
#3322=ORIENTED_EDGE('',*,*,#2299,.T.);
#3323=ORIENTED_EDGE('',*,*,#3233,.F.);
#3325=ORIENTED_EDGE('',*,*,#3324,.F.);
#3326=ORIENTED_EDGE('',*,*,#3287,.T.);
#3327=EDGE_LOOP('',(#3322,#3323,#3325,#3326));
#3328=FACE_OUTER_BOUND('',#3327,.F.);
#3329=ADVANCED_FACE('',(#3328),#3321,.T.);
#3330=CARTESIAN_POINT('',(-2.135E-1,-1.95E-1,-8.8E-2));
#3331=DIRECTION('',(0.E0,0.E0,-1.E0));
#3332=DIRECTION('',(-1.E0,0.E0,0.E0));
#3333=AXIS2_PLACEMENT_3D('',#3330,#3331,#3332);
#3334=PLANE('',#3333);
#3335=ORIENTED_EDGE('',*,*,#2582,.F.);
#3336=ORIENTED_EDGE('',*,*,#3312,.T.);
#3338=ORIENTED_EDGE('',*,*,#3337,.T.);
#3339=ORIENTED_EDGE('',*,*,#3244,.F.);
#3340=EDGE_LOOP('',(#3335,#3336,#3338,#3339));
#3341=FACE_OUTER_BOUND('',#3340,.F.);
#3342=ADVANCED_FACE('',(#3341),#3334,.T.);
#3343=CARTESIAN_POINT('',(-1.236E0,-1.95E-1,3.25E-2));
#3344=DIRECTION('',(1.E0,0.E0,0.E0));
#3345=DIRECTION('',(0.E0,1.E0,0.E0));
#3346=AXIS2_PLACEMENT_3D('',#3343,#3344,#3345);
#3347=CYLINDRICAL_SURFACE('',#3346,1.205E-1);
#3349=ORIENTED_EDGE('',*,*,#3348,.F.);
#3350=ORIENTED_EDGE('',*,*,#3289,.T.);
#3351=ORIENTED_EDGE('',*,*,#3324,.T.);
#3352=ORIENTED_EDGE('',*,*,#3231,.F.);
#3353=EDGE_LOOP('',(#3349,#3350,#3351,#3352));
#3354=FACE_OUTER_BOUND('',#3353,.F.);
#3355=ADVANCED_FACE('',(#3354),#3347,.T.);
#3356=CARTESIAN_POINT('',(-2.135E-1,-3.155E-1,2.915E-1));
#3357=DIRECTION('',(0.E0,-1.E0,0.E0));
#3358=DIRECTION('',(-1.E0,0.E0,0.E0));
#3359=AXIS2_PLACEMENT_3D('',#3356,#3357,#3358);
#3360=PLANE('',#3359);
#3362=ORIENTED_EDGE('',*,*,#3361,.F.);
#3363=ORIENTED_EDGE('',*,*,#3291,.T.);
#3364=ORIENTED_EDGE('',*,*,#3348,.T.);
#3365=ORIENTED_EDGE('',*,*,#3229,.F.);
#3366=EDGE_LOOP('',(#3362,#3363,#3364,#3365));
#3367=FACE_OUTER_BOUND('',#3366,.F.);
#3368=ADVANCED_FACE('',(#3367),#3360,.T.);
#3369=CARTESIAN_POINT('',(-2.36E-1,-2.93E-1,2.915E-1));
#3370=DIRECTION('',(0.E0,0.E0,-1.E0));
#3371=DIRECTION('',(0.E0,1.E0,0.E0));
#3372=AXIS2_PLACEMENT_3D('',#3369,#3370,#3371);
#3373=PLANE('',#3372);
#3374=ORIENTED_EDGE('',*,*,#3361,.T.);
#3375=ORIENTED_EDGE('',*,*,#3227,.T.);
#3377=ORIENTED_EDGE('',*,*,#3376,.T.);
#3378=ORIENTED_EDGE('',*,*,#3293,.T.);
#3379=EDGE_LOOP('',(#3374,#3375,#3377,#3378));
#3380=FACE_OUTER_BOUND('',#3379,.F.);
#3381=ADVANCED_FACE('',(#3380),#3373,.F.);
#3382=CARTESIAN_POINT('',(-2.585E-1,-2.705E-1,2.915E-1));
#3383=DIRECTION('',(0.E0,1.E0,0.E0));
#3384=DIRECTION('',(1.E0,0.E0,0.E0));
#3385=AXIS2_PLACEMENT_3D('',#3382,#3383,#3384);
#3386=PLANE('',#3385);
#3387=ORIENTED_EDGE('',*,*,#3376,.F.);
#3388=ORIENTED_EDGE('',*,*,#3225,.T.);
#3390=ORIENTED_EDGE('',*,*,#3389,.T.);
#3391=ORIENTED_EDGE('',*,*,#3295,.F.);
#3392=EDGE_LOOP('',(#3387,#3388,#3390,#3391));
#3393=FACE_OUTER_BOUND('',#3392,.F.);
#3394=ADVANCED_FACE('',(#3393),#3386,.T.);
#3395=CARTESIAN_POINT('',(-1.236E0,-1.95E-1,3.25E-2));
#3396=DIRECTION('',(1.E0,0.E0,0.E0));
#3397=DIRECTION('',(0.E0,1.E0,0.E0));
#3398=AXIS2_PLACEMENT_3D('',#3395,#3396,#3397);
#3399=CYLINDRICAL_SURFACE('',#3398,7.55E-2);
#3400=ORIENTED_EDGE('',*,*,#3389,.F.);
#3401=ORIENTED_EDGE('',*,*,#3223,.T.);
#3402=ORIENTED_EDGE('',*,*,#3261,.T.);
#3403=ORIENTED_EDGE('',*,*,#3297,.F.);
#3404=EDGE_LOOP('',(#3400,#3401,#3402,#3403));
#3405=FACE_OUTER_BOUND('',#3404,.F.);
#3406=ADVANCED_FACE('',(#3405),#3399,.F.);
#3407=CARTESIAN_POINT('',(-2.36E-1,5.E-1,-6.55E-2));
#3408=DIRECTION('',(0.E0,1.E0,0.E0));
#3409=DIRECTION('',(0.E0,0.E0,1.E0));
#3410=AXIS2_PLACEMENT_3D('',#3407,#3408,#3409);
#3411=PLANE('',#3410);
#3412=ORIENTED_EDGE('',*,*,#3337,.F.);
#3413=ORIENTED_EDGE('',*,*,#3310,.F.);
#3414=ORIENTED_EDGE('',*,*,#3274,.F.);
#3415=ORIENTED_EDGE('',*,*,#3246,.F.);
#3416=EDGE_LOOP('',(#3412,#3413,#3414,#3415));
#3417=FACE_OUTER_BOUND('',#3416,.F.);
#3418=ADVANCED_FACE('',(#3417),#3411,.T.);
#3419=CARTESIAN_POINT('',(-4.145E-1,-3.155E-1,2.915E-1));
#3420=DIRECTION('',(-1.E0,0.E0,0.E0));
#3421=DIRECTION('',(0.E0,1.E0,0.E0));
#3422=AXIS2_PLACEMENT_3D('',#3419,#3420,#3421);
#3423=PLANE('',#3422);
#3424=ORIENTED_EDGE('',*,*,#2307,.F.);
#3426=ORIENTED_EDGE('',*,*,#3425,.F.);
#3428=ORIENTED_EDGE('',*,*,#3427,.F.);
#3430=ORIENTED_EDGE('',*,*,#3429,.F.);
#3432=ORIENTED_EDGE('',*,*,#3431,.F.);
#3434=ORIENTED_EDGE('',*,*,#3433,.T.);
#3436=ORIENTED_EDGE('',*,*,#3435,.T.);
#3438=ORIENTED_EDGE('',*,*,#3437,.T.);
#3439=EDGE_LOOP('',(#3424,#3426,#3428,#3430,#3432,#3434,#3436,#3438));
#3440=FACE_OUTER_BOUND('',#3439,.F.);
#3441=ADVANCED_FACE('',(#3440),#3423,.T.);
#3442=CARTESIAN_POINT('',(-4.145E-1,-3.155E-1,2.915E-1));
#3443=DIRECTION('',(-1.E0,0.E0,0.E0));
#3444=DIRECTION('',(0.E0,1.E0,0.E0));
#3445=AXIS2_PLACEMENT_3D('',#3442,#3443,#3444);
#3446=PLANE('',#3445);
#3447=ORIENTED_EDGE('',*,*,#2586,.T.);
#3449=ORIENTED_EDGE('',*,*,#3448,.T.);
#3451=ORIENTED_EDGE('',*,*,#3450,.T.);
#3453=ORIENTED_EDGE('',*,*,#3452,.F.);
#3454=EDGE_LOOP('',(#3447,#3449,#3451,#3453));
#3455=FACE_OUTER_BOUND('',#3454,.F.);
#3456=ADVANCED_FACE('',(#3455),#3446,.T.);
#3457=CARTESIAN_POINT('',(-4.145E-1,-1.95E-1,-4.3E-2));
#3458=DIRECTION('',(0.E0,0.E0,1.E0));
#3459=DIRECTION('',(1.E0,0.E0,0.E0));
#3460=AXIS2_PLACEMENT_3D('',#3457,#3458,#3459);
#3461=PLANE('',#3460);
#3462=ORIENTED_EDGE('',*,*,#2313,.T.);
#3464=ORIENTED_EDGE('',*,*,#3463,.F.);
#3466=ORIENTED_EDGE('',*,*,#3465,.F.);
#3467=ORIENTED_EDGE('',*,*,#3425,.T.);
#3468=EDGE_LOOP('',(#3462,#3464,#3466,#3467));
#3469=FACE_OUTER_BOUND('',#3468,.F.);
#3470=ADVANCED_FACE('',(#3469),#3461,.T.);
#3471=CARTESIAN_POINT('',(-4.145E-1,-1.95E-1,-4.3E-2));
#3472=DIRECTION('',(0.E0,0.E0,1.E0));
#3473=DIRECTION('',(1.E0,0.E0,0.E0));
#3474=AXIS2_PLACEMENT_3D('',#3471,#3472,#3473);
#3475=PLANE('',#3474);
#3476=ORIENTED_EDGE('',*,*,#2588,.F.);
#3477=ORIENTED_EDGE('',*,*,#3452,.T.);
#3479=ORIENTED_EDGE('',*,*,#3478,.T.);
#3481=ORIENTED_EDGE('',*,*,#3480,.F.);
#3482=EDGE_LOOP('',(#3476,#3477,#3479,#3481));
#3483=FACE_OUTER_BOUND('',#3482,.F.);
#3484=ADVANCED_FACE('',(#3483),#3475,.T.);
#3485=CARTESIAN_POINT('',(-3.695E-1,-2.705E-1,2.915E-1));
#3486=DIRECTION('',(1.E0,0.E0,0.E0));
#3487=DIRECTION('',(0.E0,-1.E0,0.E0));
#3488=AXIS2_PLACEMENT_3D('',#3485,#3486,#3487);
#3489=PLANE('',#3488);
#3490=ORIENTED_EDGE('',*,*,#2311,.T.);
#3492=ORIENTED_EDGE('',*,*,#3491,.F.);
#3494=ORIENTED_EDGE('',*,*,#3493,.F.);
#3496=ORIENTED_EDGE('',*,*,#3495,.F.);
#3498=ORIENTED_EDGE('',*,*,#3497,.F.);
#3500=ORIENTED_EDGE('',*,*,#3499,.T.);
#3502=ORIENTED_EDGE('',*,*,#3501,.T.);
#3503=ORIENTED_EDGE('',*,*,#3463,.T.);
#3504=EDGE_LOOP('',(#3490,#3492,#3494,#3496,#3498,#3500,#3502,#3503));
#3505=FACE_OUTER_BOUND('',#3504,.F.);
#3506=ADVANCED_FACE('',(#3505),#3489,.T.);
#3507=CARTESIAN_POINT('',(-3.695E-1,-2.705E-1,2.915E-1));
#3508=DIRECTION('',(1.E0,0.E0,0.E0));
#3509=DIRECTION('',(0.E0,-1.E0,0.E0));
#3510=AXIS2_PLACEMENT_3D('',#3507,#3508,#3509);
#3511=PLANE('',#3510);
#3512=ORIENTED_EDGE('',*,*,#2590,.F.);
#3513=ORIENTED_EDGE('',*,*,#3480,.T.);
#3515=ORIENTED_EDGE('',*,*,#3514,.T.);
#3517=ORIENTED_EDGE('',*,*,#3516,.F.);
#3518=EDGE_LOOP('',(#3512,#3513,#3515,#3517));
#3519=FACE_OUTER_BOUND('',#3518,.F.);
#3520=ADVANCED_FACE('',(#3519),#3511,.T.);
#3521=CARTESIAN_POINT('',(-3.695E-1,-1.95E-1,-8.8E-2));
#3522=DIRECTION('',(0.E0,0.E0,-1.E0));
#3523=DIRECTION('',(-1.E0,0.E0,0.E0));
#3524=AXIS2_PLACEMENT_3D('',#3521,#3522,#3523);
#3525=PLANE('',#3524);
#3526=ORIENTED_EDGE('',*,*,#2309,.T.);
#3527=ORIENTED_EDGE('',*,*,#3437,.F.);
#3529=ORIENTED_EDGE('',*,*,#3528,.F.);
#3530=ORIENTED_EDGE('',*,*,#3491,.T.);
#3531=EDGE_LOOP('',(#3526,#3527,#3529,#3530));
#3532=FACE_OUTER_BOUND('',#3531,.F.);
#3533=ADVANCED_FACE('',(#3532),#3525,.T.);
#3534=CARTESIAN_POINT('',(-3.695E-1,-1.95E-1,-8.8E-2));
#3535=DIRECTION('',(0.E0,0.E0,-1.E0));
#3536=DIRECTION('',(-1.E0,0.E0,0.E0));
#3537=AXIS2_PLACEMENT_3D('',#3534,#3535,#3536);
#3538=PLANE('',#3537);
#3539=ORIENTED_EDGE('',*,*,#2592,.F.);
#3540=ORIENTED_EDGE('',*,*,#3516,.T.);
#3542=ORIENTED_EDGE('',*,*,#3541,.T.);
#3543=ORIENTED_EDGE('',*,*,#3448,.F.);
#3544=EDGE_LOOP('',(#3539,#3540,#3542,#3543));
#3545=FACE_OUTER_BOUND('',#3544,.F.);
#3546=ADVANCED_FACE('',(#3545),#3538,.T.);
#3547=CARTESIAN_POINT('',(-1.392E0,-1.95E-1,3.25E-2));
#3548=DIRECTION('',(1.E0,0.E0,0.E0));
#3549=DIRECTION('',(0.E0,1.E0,0.E0));
#3550=AXIS2_PLACEMENT_3D('',#3547,#3548,#3549);
#3551=CYLINDRICAL_SURFACE('',#3550,1.205E-1);
#3553=ORIENTED_EDGE('',*,*,#3552,.F.);
#3554=ORIENTED_EDGE('',*,*,#3493,.T.);
#3555=ORIENTED_EDGE('',*,*,#3528,.T.);
#3556=ORIENTED_EDGE('',*,*,#3435,.F.);
#3557=EDGE_LOOP('',(#3553,#3554,#3555,#3556));
#3558=FACE_OUTER_BOUND('',#3557,.F.);
#3559=ADVANCED_FACE('',(#3558),#3551,.T.);
#3560=CARTESIAN_POINT('',(-3.695E-1,-3.155E-1,2.915E-1));
#3561=DIRECTION('',(0.E0,-1.E0,0.E0));
#3562=DIRECTION('',(-1.E0,0.E0,0.E0));
#3563=AXIS2_PLACEMENT_3D('',#3560,#3561,#3562);
#3564=PLANE('',#3563);
#3566=ORIENTED_EDGE('',*,*,#3565,.F.);
#3567=ORIENTED_EDGE('',*,*,#3495,.T.);
#3568=ORIENTED_EDGE('',*,*,#3552,.T.);
#3569=ORIENTED_EDGE('',*,*,#3433,.F.);
#3570=EDGE_LOOP('',(#3566,#3567,#3568,#3569));
#3571=FACE_OUTER_BOUND('',#3570,.F.);
#3572=ADVANCED_FACE('',(#3571),#3564,.T.);
#3573=CARTESIAN_POINT('',(-3.92E-1,-2.93E-1,2.915E-1));
#3574=DIRECTION('',(0.E0,0.E0,-1.E0));
#3575=DIRECTION('',(0.E0,1.E0,0.E0));
#3576=AXIS2_PLACEMENT_3D('',#3573,#3574,#3575);
#3577=PLANE('',#3576);
#3578=ORIENTED_EDGE('',*,*,#3565,.T.);
#3579=ORIENTED_EDGE('',*,*,#3431,.T.);
#3581=ORIENTED_EDGE('',*,*,#3580,.T.);
#3582=ORIENTED_EDGE('',*,*,#3497,.T.);
#3583=EDGE_LOOP('',(#3578,#3579,#3581,#3582));
#3584=FACE_OUTER_BOUND('',#3583,.F.);
#3585=ADVANCED_FACE('',(#3584),#3577,.F.);
#3586=CARTESIAN_POINT('',(-4.145E-1,-2.705E-1,2.915E-1));
#3587=DIRECTION('',(0.E0,1.E0,0.E0));
#3588=DIRECTION('',(1.E0,0.E0,0.E0));
#3589=AXIS2_PLACEMENT_3D('',#3586,#3587,#3588);
#3590=PLANE('',#3589);
#3591=ORIENTED_EDGE('',*,*,#3580,.F.);
#3592=ORIENTED_EDGE('',*,*,#3429,.T.);
#3594=ORIENTED_EDGE('',*,*,#3593,.T.);
#3595=ORIENTED_EDGE('',*,*,#3499,.F.);
#3596=EDGE_LOOP('',(#3591,#3592,#3594,#3595));
#3597=FACE_OUTER_BOUND('',#3596,.F.);
#3598=ADVANCED_FACE('',(#3597),#3590,.T.);
#3599=CARTESIAN_POINT('',(-1.392E0,-1.95E-1,3.25E-2));
#3600=DIRECTION('',(1.E0,0.E0,0.E0));
#3601=DIRECTION('',(0.E0,1.E0,0.E0));
#3602=AXIS2_PLACEMENT_3D('',#3599,#3600,#3601);
#3603=CYLINDRICAL_SURFACE('',#3602,7.55E-2);
#3604=ORIENTED_EDGE('',*,*,#3593,.F.);
#3605=ORIENTED_EDGE('',*,*,#3427,.T.);
#3606=ORIENTED_EDGE('',*,*,#3465,.T.);
#3607=ORIENTED_EDGE('',*,*,#3501,.F.);
#3608=EDGE_LOOP('',(#3604,#3605,#3606,#3607));
#3609=FACE_OUTER_BOUND('',#3608,.F.);
#3610=ADVANCED_FACE('',(#3609),#3603,.F.);
#3611=CARTESIAN_POINT('',(-3.92E-1,5.E-1,-6.55E-2));
#3612=DIRECTION('',(0.E0,1.E0,0.E0));
#3613=DIRECTION('',(0.E0,0.E0,1.E0));
#3614=AXIS2_PLACEMENT_3D('',#3611,#3612,#3613);
#3615=PLANE('',#3614);
#3616=ORIENTED_EDGE('',*,*,#3541,.F.);
#3617=ORIENTED_EDGE('',*,*,#3514,.F.);
#3618=ORIENTED_EDGE('',*,*,#3478,.F.);
#3619=ORIENTED_EDGE('',*,*,#3450,.F.);
#3620=EDGE_LOOP('',(#3616,#3617,#3618,#3619));
#3621=FACE_OUTER_BOUND('',#3620,.F.);
#3622=ADVANCED_FACE('',(#3621),#3615,.T.);
#3623=CARTESIAN_POINT('',(3.9E-1,-3.223304703376E-4,-1.858223304703E-1));
#3624=DIRECTION('',(0.E0,7.071067811865E-1,-7.071067811865E-1));
#3625=DIRECTION('',(0.E0,7.071067811865E-1,7.071067811865E-1));
#3626=AXIS2_PLACEMENT_3D('',#3623,#3624,#3625);
#3627=PLANE('',#3626);
#3629=ORIENTED_EDGE('',*,*,#3628,.F.);
#3631=ORIENTED_EDGE('',*,*,#3630,.F.);
#3633=ORIENTED_EDGE('',*,*,#3632,.T.);
#3634=ORIENTED_EDGE('',*,*,#2529,.F.);
#3635=EDGE_LOOP('',(#3629,#3631,#3633,#3634));
#3636=FACE_OUTER_BOUND('',#3635,.F.);
#3637=ADVANCED_FACE('',(#3636),#3627,.T.);
#3638=CARTESIAN_POINT('',(3.9E-1,-3.223304703376E-4,-1.858223304703E-1));
#3639=DIRECTION('',(0.E0,7.071067811865E-1,-7.071067811865E-1));
#3640=DIRECTION('',(0.E0,7.071067811865E-1,7.071067811865E-1));
#3641=AXIS2_PLACEMENT_3D('',#3638,#3639,#3640);
#3642=PLANE('',#3641);
#3644=ORIENTED_EDGE('',*,*,#3643,.T.);
#3645=ORIENTED_EDGE('',*,*,#2540,.F.);
#3647=ORIENTED_EDGE('',*,*,#3646,.F.);
#3649=ORIENTED_EDGE('',*,*,#3648,.F.);
#3650=EDGE_LOOP('',(#3644,#3645,#3647,#3649));
#3651=FACE_OUTER_BOUND('',#3650,.F.);
#3652=ADVANCED_FACE('',(#3651),#3642,.T.);
#3653=CARTESIAN_POINT('',(2.5E-2,3.66E-1,-2.585E-1));
#3654=DIRECTION('',(1.E0,0.E0,0.E0));
#3655=DIRECTION('',(0.E0,-1.E0,0.E0));
#3656=AXIS2_PLACEMENT_3D('',#3653,#3654,#3655);
#3657=PLANE('',#3656);
#3659=ORIENTED_EDGE('',*,*,#3658,.T.);
#3661=ORIENTED_EDGE('',*,*,#3660,.T.);
#3663=ORIENTED_EDGE('',*,*,#3662,.T.);
#3665=ORIENTED_EDGE('',*,*,#3664,.T.);
#3667=ORIENTED_EDGE('',*,*,#3666,.T.);
#3669=ORIENTED_EDGE('',*,*,#3668,.T.);
#3671=ORIENTED_EDGE('',*,*,#3670,.T.);
#3673=ORIENTED_EDGE('',*,*,#3672,.F.);
#3675=ORIENTED_EDGE('',*,*,#3674,.T.);
#3677=ORIENTED_EDGE('',*,*,#3676,.F.);
#3678=ORIENTED_EDGE('',*,*,#3628,.T.);
#3680=ORIENTED_EDGE('',*,*,#3679,.T.);
#3682=ORIENTED_EDGE('',*,*,#3681,.T.);
#3683=EDGE_LOOP('',(#3659,#3661,#3663,#3665,#3667,#3669,#3671,#3673,#3675,#3677,
#3678,#3680,#3682));
#3684=FACE_OUTER_BOUND('',#3683,.F.);
#3685=ADVANCED_FACE('',(#3684),#3657,.F.);
#3686=CARTESIAN_POINT('',(3.9E-1,-8.E-2,-1.355E-1));
#3687=DIRECTION('',(0.E0,-1.E0,0.E0));
#3688=DIRECTION('',(0.E0,0.E0,-1.E0));
#3689=AXIS2_PLACEMENT_3D('',#3686,#3687,#3688);
#3690=PLANE('',#3689);
#3691=ORIENTED_EDGE('',*,*,#3658,.F.);
#3693=ORIENTED_EDGE('',*,*,#3692,.F.);
#3695=ORIENTED_EDGE('',*,*,#3694,.T.);
#3697=ORIENTED_EDGE('',*,*,#3696,.T.);
#3698=EDGE_LOOP('',(#3691,#3693,#3695,#3697));
#3699=FACE_OUTER_BOUND('',#3698,.F.);
#3700=ADVANCED_FACE('',(#3699),#3690,.T.);
#3701=CARTESIAN_POINT('',(3.9E-1,-8.E-2,-1.355E-1));
#3702=DIRECTION('',(0.E0,-1.E0,0.E0));
#3703=DIRECTION('',(0.E0,0.E0,-1.E0));
#3704=AXIS2_PLACEMENT_3D('',#3701,#3702,#3703);
#3705=PLANE('',#3704);
#3707=ORIENTED_EDGE('',*,*,#3706,.T.);
#3709=ORIENTED_EDGE('',*,*,#3708,.T.);
#3711=ORIENTED_EDGE('',*,*,#3710,.F.);
#3713=ORIENTED_EDGE('',*,*,#3712,.F.);
#3714=EDGE_LOOP('',(#3707,#3709,#3711,#3713));
#3715=FACE_OUTER_BOUND('',#3714,.F.);
#3716=ADVANCED_FACE('',(#3715),#3705,.T.);
#3717=CARTESIAN_POINT('',(3.9E-1,5.E-2,-1.355E-1));
#3718=DIRECTION('',(0.E0,0.E0,1.E0));
#3719=DIRECTION('',(0.E0,-1.E0,0.E0));
#3720=AXIS2_PLACEMENT_3D('',#3717,#3718,#3719);
#3721=PLANE('',#3720);
#3722=ORIENTED_EDGE('',*,*,#3681,.F.);
#3723=ORIENTED_EDGE('',*,*,#2261,.T.);
#3725=ORIENTED_EDGE('',*,*,#3724,.T.);
#3726=ORIENTED_EDGE('',*,*,#3692,.T.);
#3727=EDGE_LOOP('',(#3722,#3723,#3725,#3726));
#3728=FACE_OUTER_BOUND('',#3727,.F.);
#3729=ADVANCED_FACE('',(#3728),#3721,.T.);
#3730=CARTESIAN_POINT('',(3.9E-1,5.E-2,-1.355E-1));
#3731=DIRECTION('',(0.E0,0.E0,1.E0));
#3732=DIRECTION('',(0.E0,-1.E0,0.E0));
#3733=AXIS2_PLACEMENT_3D('',#3730,#3731,#3732);
#3734=PLANE('',#3733);
#3736=ORIENTED_EDGE('',*,*,#3735,.T.);
#3737=ORIENTED_EDGE('',*,*,#3712,.T.);
#3739=ORIENTED_EDGE('',*,*,#3738,.F.);
#3740=ORIENTED_EDGE('',*,*,#2202,.T.);
#3741=EDGE_LOOP('',(#3736,#3737,#3739,#3740));
#3742=FACE_OUTER_BOUND('',#3741,.F.);
#3743=ADVANCED_FACE('',(#3742),#3734,.T.);
#3744=CARTESIAN_POINT('',(3.9E-1,0.E0,0.E0));
#3745=DIRECTION('',(1.E0,0.E0,0.E0));
#3746=DIRECTION('',(0.E0,0.E0,-1.E0));
#3747=AXIS2_PLACEMENT_3D('',#3744,#3745,#3746);
#3748=PLANE('',#3747);
#3750=ORIENTED_EDGE('',*,*,#3749,.T.);
#3751=ORIENTED_EDGE('',*,*,#3632,.F.);
#3753=ORIENTED_EDGE('',*,*,#3752,.F.);
#3755=ORIENTED_EDGE('',*,*,#3754,.F.);
#3757=ORIENTED_EDGE('',*,*,#3756,.F.);
#3759=ORIENTED_EDGE('',*,*,#3758,.F.);
#3761=ORIENTED_EDGE('',*,*,#3760,.F.);
#3763=ORIENTED_EDGE('',*,*,#3762,.F.);
#3765=ORIENTED_EDGE('',*,*,#3764,.F.);
#3767=ORIENTED_EDGE('',*,*,#3766,.F.);
#3769=ORIENTED_EDGE('',*,*,#3768,.F.);
#3770=ORIENTED_EDGE('',*,*,#3694,.F.);
#3771=ORIENTED_EDGE('',*,*,#3724,.F.);
#3772=EDGE_LOOP('',(#3750,#3751,#3753,#3755,#3757,#3759,#3761,#3763,#3765,#3767,
#3769,#3770,#3771));
#3773=FACE_OUTER_BOUND('',#3772,.F.);
#3774=ADVANCED_FACE('',(#3773),#3748,.T.);
#3775=CARTESIAN_POINT('',(-4.65E-1,-5.E-2,-1.355E-1));
#3776=DIRECTION('',(0.E0,0.E0,-1.E0));
#3777=DIRECTION('',(0.E0,1.E0,0.E0));
#3778=AXIS2_PLACEMENT_3D('',#3775,#3776,#3777);
#3779=PLANE('',#3778);
#3780=ORIENTED_EDGE('',*,*,#3749,.F.);
#3781=ORIENTED_EDGE('',*,*,#2259,.T.);
#3783=ORIENTED_EDGE('',*,*,#3782,.T.);
#3784=ORIENTED_EDGE('',*,*,#2531,.F.);
#3785=EDGE_LOOP('',(#3780,#3781,#3783,#3784));
#3786=FACE_OUTER_BOUND('',#3785,.F.);
#3787=ADVANCED_FACE('',(#3786),#3779,.T.);
#3788=CARTESIAN_POINT('',(-4.65E-1,-5.E-2,-1.355E-1));
#3789=DIRECTION('',(0.E0,0.E0,-1.E0));
#3790=DIRECTION('',(0.E0,1.E0,0.E0));
#3791=AXIS2_PLACEMENT_3D('',#3788,#3789,#3790);
#3792=PLANE('',#3791);
#3794=ORIENTED_EDGE('',*,*,#3793,.T.);
#3795=ORIENTED_EDGE('',*,*,#2538,.F.);
#3796=ORIENTED_EDGE('',*,*,#2176,.F.);
#3797=ORIENTED_EDGE('',*,*,#2204,.T.);
#3798=EDGE_LOOP('',(#3794,#3795,#3796,#3797));
#3799=FACE_OUTER_BOUND('',#3798,.F.);
#3800=ADVANCED_FACE('',(#3799),#3792,.T.);
#3801=CARTESIAN_POINT('',(4.65E-1,0.E0,0.E0));
#3802=DIRECTION('',(1.E0,0.E0,0.E0));
#3803=DIRECTION('',(0.E0,0.E0,-1.E0));
#3804=AXIS2_PLACEMENT_3D('',#3801,#3802,#3803);
#3805=PLANE('',#3804);
#3806=ORIENTED_EDGE('',*,*,#2257,.F.);
#3808=ORIENTED_EDGE('',*,*,#3807,.F.);
#3810=ORIENTED_EDGE('',*,*,#3809,.F.);
#3812=ORIENTED_EDGE('',*,*,#3811,.F.);
#3814=ORIENTED_EDGE('',*,*,#3813,.F.);
#3816=ORIENTED_EDGE('',*,*,#3815,.F.);
#3818=ORIENTED_EDGE('',*,*,#3817,.F.);
#3820=ORIENTED_EDGE('',*,*,#3819,.F.);
#3821=ORIENTED_EDGE('',*,*,#2533,.F.);
#3822=ORIENTED_EDGE('',*,*,#3782,.F.);
#3823=EDGE_LOOP('',(#3806,#3808,#3810,#3812,#3814,#3816,#3818,#3820,#3821,
#3822));
#3824=FACE_OUTER_BOUND('',#3823,.F.);
#3825=ADVANCED_FACE('',(#3824),#3805,.T.);
#3826=CARTESIAN_POINT('',(-4.65E-1,-8.E-2,7.55E-2));
#3827=DIRECTION('',(0.E0,0.E0,-1.E0));
#3828=DIRECTION('',(0.E0,1.E0,0.E0));
#3829=AXIS2_PLACEMENT_3D('',#3826,#3827,#3828);
#3830=PLANE('',#3829);
#3832=ORIENTED_EDGE('',*,*,#3831,.F.);
#3834=ORIENTED_EDGE('',*,*,#3833,.T.);
#3835=ORIENTED_EDGE('',*,*,#3807,.T.);
#3836=ORIENTED_EDGE('',*,*,#2255,.F.);
#3837=EDGE_LOOP('',(#3832,#3834,#3835,#3836));
#3838=FACE_OUTER_BOUND('',#3837,.F.);
#3839=ADVANCED_FACE('',(#3838),#3830,.T.);
#3840=CARTESIAN_POINT('',(-4.65E-1,-8.E-2,7.55E-2));
#3841=DIRECTION('',(0.E0,0.E0,-1.E0));
#3842=DIRECTION('',(0.E0,1.E0,0.E0));
#3843=AXIS2_PLACEMENT_3D('',#3840,#3841,#3842);
#3844=PLANE('',#3843);
#3846=ORIENTED_EDGE('',*,*,#3845,.F.);
#3848=ORIENTED_EDGE('',*,*,#3847,.T.);
#3850=ORIENTED_EDGE('',*,*,#3849,.T.);
#3851=ORIENTED_EDGE('',*,*,#2247,.F.);
#3852=EDGE_LOOP('',(#3846,#3848,#3850,#3851));
#3853=FACE_OUTER_BOUND('',#3852,.F.);
#3854=ADVANCED_FACE('',(#3853),#3844,.T.);
#3855=CARTESIAN_POINT('',(-4.65E-1,-8.E-2,7.55E-2));
#3856=DIRECTION('',(0.E0,0.E0,-1.E0));
#3857=DIRECTION('',(0.E0,1.E0,0.E0));
#3858=AXIS2_PLACEMENT_3D('',#3855,#3856,#3857);
#3859=PLANE('',#3858);
#3861=ORIENTED_EDGE('',*,*,#3860,.F.);
#3863=ORIENTED_EDGE('',*,*,#3862,.T.);
#3865=ORIENTED_EDGE('',*,*,#3864,.T.);
#3866=ORIENTED_EDGE('',*,*,#2239,.F.);
#3867=EDGE_LOOP('',(#3861,#3863,#3865,#3866));
#3868=FACE_OUTER_BOUND('',#3867,.F.);
#3869=ADVANCED_FACE('',(#3868),#3859,.T.);
#3870=CARTESIAN_POINT('',(-4.65E-1,-8.E-2,7.55E-2));
#3871=DIRECTION('',(0.E0,0.E0,-1.E0));
#3872=DIRECTION('',(0.E0,1.E0,0.E0));
#3873=AXIS2_PLACEMENT_3D('',#3870,#3871,#3872);
#3874=PLANE('',#3873);
#3876=ORIENTED_EDGE('',*,*,#3875,.F.);
#3878=ORIENTED_EDGE('',*,*,#3877,.T.);
#3880=ORIENTED_EDGE('',*,*,#3879,.T.);
#3881=ORIENTED_EDGE('',*,*,#2231,.F.);
#3882=EDGE_LOOP('',(#3876,#3878,#3880,#3881));
#3883=FACE_OUTER_BOUND('',#3882,.F.);
#3884=ADVANCED_FACE('',(#3883),#3874,.T.);
#3885=CARTESIAN_POINT('',(-4.65E-1,-8.E-2,7.55E-2));
#3886=DIRECTION('',(0.E0,0.E0,-1.E0));
#3887=DIRECTION('',(0.E0,1.E0,0.E0));
#3888=AXIS2_PLACEMENT_3D('',#3885,#3886,#3887);
#3889=PLANE('',#3888);
#3891=ORIENTED_EDGE('',*,*,#3890,.F.);
#3893=ORIENTED_EDGE('',*,*,#3892,.T.);
#3895=ORIENTED_EDGE('',*,*,#3894,.T.);
#3896=ORIENTED_EDGE('',*,*,#2223,.F.);
#3897=EDGE_LOOP('',(#3891,#3893,#3895,#3896));
#3898=FACE_OUTER_BOUND('',#3897,.F.);
#3899=ADVANCED_FACE('',(#3898),#3889,.T.);
#3900=CARTESIAN_POINT('',(-4.65E-1,-8.E-2,7.55E-2));
#3901=DIRECTION('',(0.E0,0.E0,-1.E0));
#3902=DIRECTION('',(0.E0,1.E0,0.E0));
#3903=AXIS2_PLACEMENT_3D('',#3900,#3901,#3902);
#3904=PLANE('',#3903);
#3906=ORIENTED_EDGE('',*,*,#3905,.T.);
#3907=ORIENTED_EDGE('',*,*,#2207,.F.);
#3908=ORIENTED_EDGE('',*,*,#2192,.F.);
#3910=ORIENTED_EDGE('',*,*,#3909,.T.);
#3911=EDGE_LOOP('',(#3906,#3907,#3908,#3910));
#3912=FACE_OUTER_BOUND('',#3911,.F.);
#3913=ADVANCED_FACE('',(#3912),#3904,.T.);
#3914=CARTESIAN_POINT('',(-4.65E-1,-8.E-2,7.55E-2));
#3915=DIRECTION('',(0.E0,0.E0,-1.E0));
#3916=DIRECTION('',(0.E0,1.E0,0.E0));
#3917=AXIS2_PLACEMENT_3D('',#3914,#3915,#3916);
#3918=PLANE('',#3917);
#3920=ORIENTED_EDGE('',*,*,#3919,.F.);
#3922=ORIENTED_EDGE('',*,*,#3921,.T.);
#3924=ORIENTED_EDGE('',*,*,#3923,.T.);
#3925=ORIENTED_EDGE('',*,*,#2215,.F.);
#3926=EDGE_LOOP('',(#3920,#3922,#3924,#3925));
#3927=FACE_OUTER_BOUND('',#3926,.F.);
#3928=ADVANCED_FACE('',(#3927),#3918,.T.);
#3929=CARTESIAN_POINT('',(4.42E-1,-8.E-2,1.355E-1));
#3930=DIRECTION('',(1.E0,0.E0,0.E0));
#3931=DIRECTION('',(0.E0,1.E0,0.E0));
#3932=AXIS2_PLACEMENT_3D('',#3929,#3930,#3931);
#3933=PLANE('',#3932);
#3935=ORIENTED_EDGE('',*,*,#3934,.F.);
#3937=ORIENTED_EDGE('',*,*,#3936,.T.);
#3938=ORIENTED_EDGE('',*,*,#3831,.T.);
#3939=ORIENTED_EDGE('',*,*,#2253,.F.);
#3940=EDGE_LOOP('',(#3935,#3937,#3938,#3939));
#3941=FACE_OUTER_BOUND('',#3940,.F.);
#3942=ADVANCED_FACE('',(#3941),#3933,.F.);
#3943=CARTESIAN_POINT('',(-4.65E-1,-2.732050807569E-2,1.355E-1));
#3944=DIRECTION('',(0.E0,0.E0,1.E0));
#3945=DIRECTION('',(0.E0,-1.E0,0.E0));
#3946=AXIS2_PLACEMENT_3D('',#3943,#3944,#3945);
#3947=PLANE('',#3946);
#3949=ORIENTED_EDGE('',*,*,#3948,.F.);
#3951=ORIENTED_EDGE('',*,*,#3950,.F.);
#3952=ORIENTED_EDGE('',*,*,#2188,.F.);
#3954=ORIENTED_EDGE('',*,*,#3953,.T.);
#3955=ORIENTED_EDGE('',*,*,#3811,.T.);
#3957=ORIENTED_EDGE('',*,*,#3956,.F.);
#3958=ORIENTED_EDGE('',*,*,#3934,.T.);
#3959=ORIENTED_EDGE('',*,*,#2251,.T.);
#3961=ORIENTED_EDGE('',*,*,#3960,.F.);
#3963=ORIENTED_EDGE('',*,*,#3962,.F.);
#3965=ORIENTED_EDGE('',*,*,#3964,.T.);
#3966=ORIENTED_EDGE('',*,*,#2243,.T.);
#3968=ORIENTED_EDGE('',*,*,#3967,.F.);
#3970=ORIENTED_EDGE('',*,*,#3969,.F.);
#3972=ORIENTED_EDGE('',*,*,#3971,.T.);
#3973=ORIENTED_EDGE('',*,*,#2235,.T.);
#3975=ORIENTED_EDGE('',*,*,#3974,.F.);
#3977=ORIENTED_EDGE('',*,*,#3976,.F.);
#3979=ORIENTED_EDGE('',*,*,#3978,.T.);
#3980=ORIENTED_EDGE('',*,*,#2227,.T.);
#3982=ORIENTED_EDGE('',*,*,#3981,.F.);
#3984=ORIENTED_EDGE('',*,*,#3983,.F.);
#3986=ORIENTED_EDGE('',*,*,#3985,.T.);
#3987=ORIENTED_EDGE('',*,*,#2219,.T.);
#3989=ORIENTED_EDGE('',*,*,#3988,.F.);
#3991=ORIENTED_EDGE('',*,*,#3990,.F.);
#3993=ORIENTED_EDGE('',*,*,#3992,.T.);
#3994=ORIENTED_EDGE('',*,*,#2211,.T.);
#3995=EDGE_LOOP('',(#3949,#3951,#3952,#3954,#3955,#3957,#3958,#3959,#3961,#3963,
#3965,#3966,#3968,#3970,#3972,#3973,#3975,#3977,#3979,#3980,#3982,#3984,#3986,
#3987,#3989,#3991,#3993,#3994));
#3996=FACE_OUTER_BOUND('',#3995,.F.);
#3997=ADVANCED_FACE('',(#3996),#3947,.T.);
#3998=CARTESIAN_POINT('',(-4.42E-1,-5.E-2,1.355E-1));
#3999=DIRECTION('',(-1.E0,0.E0,0.E0));
#4000=DIRECTION('',(0.E0,-1.E0,0.E0));
#4001=AXIS2_PLACEMENT_3D('',#3998,#3999,#4000);
#4002=PLANE('',#4001);
#4003=ORIENTED_EDGE('',*,*,#3948,.T.);
#4004=ORIENTED_EDGE('',*,*,#2209,.T.);
#4005=ORIENTED_EDGE('',*,*,#3905,.F.);
#4007=ORIENTED_EDGE('',*,*,#4006,.F.);
#4008=EDGE_LOOP('',(#4003,#4004,#4005,#4007));
#4009=FACE_OUTER_BOUND('',#4008,.F.);
#4010=ADVANCED_FACE('',(#4009),#4002,.F.);
#4011=CARTESIAN_POINT('',(-4.65E-1,-8.E-2,1.355E-1));
#4012=DIRECTION('',(0.E0,-1.E0,0.E0));
#4013=DIRECTION('',(0.E0,0.E0,-1.E0));
#4014=AXIS2_PLACEMENT_3D('',#4011,#4012,#4013);
#4015=PLANE('',#4014);
#4016=ORIENTED_EDGE('',*,*,#3936,.F.);
#4017=ORIENTED_EDGE('',*,*,#3956,.T.);
#4018=ORIENTED_EDGE('',*,*,#3809,.T.);
#4019=ORIENTED_EDGE('',*,*,#3833,.F.);
#4020=EDGE_LOOP('',(#4016,#4017,#4018,#4019));
#4021=FACE_OUTER_BOUND('',#4020,.F.);
#4022=ADVANCED_FACE('',(#4021),#4015,.T.);
#4023=CARTESIAN_POINT('',(-4.65E-1,-8.E-2,1.355E-1));
#4024=DIRECTION('',(0.E0,-1.E0,0.E0));
#4025=DIRECTION('',(0.E0,0.E0,-1.E0));
#4026=AXIS2_PLACEMENT_3D('',#4023,#4024,#4025);
#4027=PLANE('',#4026);
#4029=ORIENTED_EDGE('',*,*,#4028,.F.);
#4030=ORIENTED_EDGE('',*,*,#3962,.T.);
#4032=ORIENTED_EDGE('',*,*,#4031,.T.);
#4033=ORIENTED_EDGE('',*,*,#3847,.F.);
#4034=EDGE_LOOP('',(#4029,#4030,#4032,#4033));
#4035=FACE_OUTER_BOUND('',#4034,.F.);
#4036=ADVANCED_FACE('',(#4035),#4027,.T.);
#4037=CARTESIAN_POINT('',(-4.65E-1,-8.E-2,1.355E-1));
#4038=DIRECTION('',(0.E0,-1.E0,0.E0));
#4039=DIRECTION('',(0.E0,0.E0,-1.E0));
#4040=AXIS2_PLACEMENT_3D('',#4037,#4038,#4039);
#4041=PLANE('',#4040);
#4043=ORIENTED_EDGE('',*,*,#4042,.F.);
#4044=ORIENTED_EDGE('',*,*,#3969,.T.);
#4046=ORIENTED_EDGE('',*,*,#4045,.T.);
#4047=ORIENTED_EDGE('',*,*,#3862,.F.);
#4048=EDGE_LOOP('',(#4043,#4044,#4046,#4047));
#4049=FACE_OUTER_BOUND('',#4048,.F.);
#4050=ADVANCED_FACE('',(#4049),#4041,.T.);
#4051=CARTESIAN_POINT('',(-4.65E-1,-8.E-2,1.355E-1));
#4052=DIRECTION('',(0.E0,-1.E0,0.E0));
#4053=DIRECTION('',(0.E0,0.E0,-1.E0));
#4054=AXIS2_PLACEMENT_3D('',#4051,#4052,#4053);
#4055=PLANE('',#4054);
#4057=ORIENTED_EDGE('',*,*,#4056,.F.);
#4058=ORIENTED_EDGE('',*,*,#3976,.T.);
#4060=ORIENTED_EDGE('',*,*,#4059,.T.);
#4061=ORIENTED_EDGE('',*,*,#3877,.F.);
#4062=EDGE_LOOP('',(#4057,#4058,#4060,#4061));
#4063=FACE_OUTER_BOUND('',#4062,.F.);
#4064=ADVANCED_FACE('',(#4063),#4055,.T.);
#4065=CARTESIAN_POINT('',(-4.65E-1,-8.E-2,1.355E-1));
#4066=DIRECTION('',(0.E0,-1.E0,0.E0));
#4067=DIRECTION('',(0.E0,0.E0,-1.E0));
#4068=AXIS2_PLACEMENT_3D('',#4065,#4066,#4067);
#4069=PLANE('',#4068);
#4071=ORIENTED_EDGE('',*,*,#4070,.F.);
#4072=ORIENTED_EDGE('',*,*,#3983,.T.);
#4074=ORIENTED_EDGE('',*,*,#4073,.T.);
#4075=ORIENTED_EDGE('',*,*,#3892,.F.);
#4076=EDGE_LOOP('',(#4071,#4072,#4074,#4075));
#4077=FACE_OUTER_BOUND('',#4076,.F.);
#4078=ADVANCED_FACE('',(#4077),#4069,.T.);
#4079=CARTESIAN_POINT('',(-4.65E-1,-8.E-2,1.355E-1));
#4080=DIRECTION('',(0.E0,-1.E0,0.E0));
#4081=DIRECTION('',(0.E0,0.E0,-1.E0));
#4082=AXIS2_PLACEMENT_3D('',#4079,#4080,#4081);
#4083=PLANE('',#4082);
#4084=ORIENTED_EDGE('',*,*,#4006,.T.);
#4085=ORIENTED_EDGE('',*,*,#3909,.F.);
#4086=ORIENTED_EDGE('',*,*,#2190,.F.);
#4087=ORIENTED_EDGE('',*,*,#3950,.T.);
#4088=EDGE_LOOP('',(#4084,#4085,#4086,#4087));
#4089=FACE_OUTER_BOUND('',#4088,.F.);
#4090=ADVANCED_FACE('',(#4089),#4083,.T.);
#4091=CARTESIAN_POINT('',(-4.65E-1,-8.E-2,1.355E-1));
#4092=DIRECTION('',(0.E0,-1.E0,0.E0));
#4093=DIRECTION('',(0.E0,0.E0,-1.E0));
#4094=AXIS2_PLACEMENT_3D('',#4091,#4092,#4093);
#4095=PLANE('',#4094);
#4097=ORIENTED_EDGE('',*,*,#4096,.F.);
#4098=ORIENTED_EDGE('',*,*,#3990,.T.);
#4100=ORIENTED_EDGE('',*,*,#4099,.T.);
#4101=ORIENTED_EDGE('',*,*,#3921,.F.);
#4102=EDGE_LOOP('',(#4097,#4098,#4100,#4101));
#4103=FACE_OUTER_BOUND('',#4102,.F.);
#4104=ADVANCED_FACE('',(#4103),#4095,.T.);
#4105=CARTESIAN_POINT('',(2.86E-1,-8.E-2,1.355E-1));
#4106=DIRECTION('',(1.E0,0.E0,0.E0));
#4107=DIRECTION('',(0.E0,1.E0,0.E0));
#4108=AXIS2_PLACEMENT_3D('',#4105,#4106,#4107);
#4109=PLANE('',#4108);
#4110=ORIENTED_EDGE('',*,*,#3964,.F.);
#4111=ORIENTED_EDGE('',*,*,#4028,.T.);
#4112=ORIENTED_EDGE('',*,*,#3845,.T.);
#4113=ORIENTED_EDGE('',*,*,#2245,.F.);
#4114=EDGE_LOOP('',(#4110,#4111,#4112,#4113));
#4115=FACE_OUTER_BOUND('',#4114,.F.);
#4116=ADVANCED_FACE('',(#4115),#4109,.F.);
#4117=CARTESIAN_POINT('',(3.38E-1,-5.E-2,1.355E-1));
#4118=DIRECTION('',(-1.E0,0.E0,0.E0));
#4119=DIRECTION('',(0.E0,-1.E0,0.E0));
#4120=AXIS2_PLACEMENT_3D('',#4117,#4118,#4119);
#4121=PLANE('',#4120);
#4122=ORIENTED_EDGE('',*,*,#3960,.T.);
#4123=ORIENTED_EDGE('',*,*,#2249,.T.);
#4124=ORIENTED_EDGE('',*,*,#3849,.F.);
#4125=ORIENTED_EDGE('',*,*,#4031,.F.);
#4126=EDGE_LOOP('',(#4122,#4123,#4124,#4125));
#4127=FACE_OUTER_BOUND('',#4126,.F.);
#4128=ADVANCED_FACE('',(#4127),#4121,.F.);
#4129=CARTESIAN_POINT('',(1.3E-1,-8.E-2,1.355E-1));
#4130=DIRECTION('',(1.E0,0.E0,0.E0));
#4131=DIRECTION('',(0.E0,1.E0,0.E0));
#4132=AXIS2_PLACEMENT_3D('',#4129,#4130,#4131);
#4133=PLANE('',#4132);
#4134=ORIENTED_EDGE('',*,*,#3971,.F.);
#4135=ORIENTED_EDGE('',*,*,#4042,.T.);
#4136=ORIENTED_EDGE('',*,*,#3860,.T.);
#4137=ORIENTED_EDGE('',*,*,#2237,.F.);
#4138=EDGE_LOOP('',(#4134,#4135,#4136,#4137));
#4139=FACE_OUTER_BOUND('',#4138,.F.);
#4140=ADVANCED_FACE('',(#4139),#4133,.F.);
#4141=CARTESIAN_POINT('',(1.82E-1,-5.E-2,1.355E-1));
#4142=DIRECTION('',(-1.E0,0.E0,0.E0));
#4143=DIRECTION('',(0.E0,-1.E0,0.E0));
#4144=AXIS2_PLACEMENT_3D('',#4141,#4142,#4143);
#4145=PLANE('',#4144);
#4146=ORIENTED_EDGE('',*,*,#3967,.T.);
#4147=ORIENTED_EDGE('',*,*,#2241,.T.);
#4148=ORIENTED_EDGE('',*,*,#3864,.F.);
#4149=ORIENTED_EDGE('',*,*,#4045,.F.);
#4150=EDGE_LOOP('',(#4146,#4147,#4148,#4149));
#4151=FACE_OUTER_BOUND('',#4150,.F.);
#4152=ADVANCED_FACE('',(#4151),#4145,.F.);
#4153=CARTESIAN_POINT('',(-2.6E-2,-8.E-2,1.355E-1));
#4154=DIRECTION('',(1.E0,0.E0,0.E0));
#4155=DIRECTION('',(0.E0,1.E0,0.E0));
#4156=AXIS2_PLACEMENT_3D('',#4153,#4154,#4155);
#4157=PLANE('',#4156);
#4158=ORIENTED_EDGE('',*,*,#3978,.F.);
#4159=ORIENTED_EDGE('',*,*,#4056,.T.);
#4160=ORIENTED_EDGE('',*,*,#3875,.T.);
#4161=ORIENTED_EDGE('',*,*,#2229,.F.);
#4162=EDGE_LOOP('',(#4158,#4159,#4160,#4161));
#4163=FACE_OUTER_BOUND('',#4162,.F.);
#4164=ADVANCED_FACE('',(#4163),#4157,.F.);
#4165=CARTESIAN_POINT('',(2.6E-2,-5.E-2,1.355E-1));
#4166=DIRECTION('',(-1.E0,0.E0,0.E0));
#4167=DIRECTION('',(0.E0,-1.E0,0.E0));
#4168=AXIS2_PLACEMENT_3D('',#4165,#4166,#4167);
#4169=PLANE('',#4168);
#4170=ORIENTED_EDGE('',*,*,#3974,.T.);
#4171=ORIENTED_EDGE('',*,*,#2233,.T.);
#4172=ORIENTED_EDGE('',*,*,#3879,.F.);
#4173=ORIENTED_EDGE('',*,*,#4059,.F.);
#4174=EDGE_LOOP('',(#4170,#4171,#4172,#4173));
#4175=FACE_OUTER_BOUND('',#4174,.F.);
#4176=ADVANCED_FACE('',(#4175),#4169,.F.);
#4177=CARTESIAN_POINT('',(-1.82E-1,-8.E-2,1.355E-1));
#4178=DIRECTION('',(1.E0,0.E0,0.E0));
#4179=DIRECTION('',(0.E0,1.E0,0.E0));
#4180=AXIS2_PLACEMENT_3D('',#4177,#4178,#4179);
#4181=PLANE('',#4180);
#4182=ORIENTED_EDGE('',*,*,#3985,.F.);
#4183=ORIENTED_EDGE('',*,*,#4070,.T.);
#4184=ORIENTED_EDGE('',*,*,#3890,.T.);
#4185=ORIENTED_EDGE('',*,*,#2221,.F.);
#4186=EDGE_LOOP('',(#4182,#4183,#4184,#4185));
#4187=FACE_OUTER_BOUND('',#4186,.F.);
#4188=ADVANCED_FACE('',(#4187),#4181,.F.);
#4189=CARTESIAN_POINT('',(-1.3E-1,-5.E-2,1.355E-1));
#4190=DIRECTION('',(-1.E0,0.E0,0.E0));
#4191=DIRECTION('',(0.E0,-1.E0,0.E0));
#4192=AXIS2_PLACEMENT_3D('',#4189,#4190,#4191);
#4193=PLANE('',#4192);
#4194=ORIENTED_EDGE('',*,*,#3981,.T.);
#4195=ORIENTED_EDGE('',*,*,#2225,.T.);
#4196=ORIENTED_EDGE('',*,*,#3894,.F.);
#4197=ORIENTED_EDGE('',*,*,#4073,.F.);
#4198=EDGE_LOOP('',(#4194,#4195,#4196,#4197));
#4199=FACE_OUTER_BOUND('',#4198,.F.);
#4200=ADVANCED_FACE('',(#4199),#4193,.F.);
#4201=CARTESIAN_POINT('',(-3.38E-1,-8.E-2,1.355E-1));
#4202=DIRECTION('',(1.E0,0.E0,0.E0));
#4203=DIRECTION('',(0.E0,1.E0,0.E0));
#4204=AXIS2_PLACEMENT_3D('',#4201,#4202,#4203);
#4205=PLANE('',#4204);
#4206=ORIENTED_EDGE('',*,*,#3992,.F.);
#4207=ORIENTED_EDGE('',*,*,#4096,.T.);
#4208=ORIENTED_EDGE('',*,*,#3919,.T.);
#4209=ORIENTED_EDGE('',*,*,#2213,.F.);
#4210=EDGE_LOOP('',(#4206,#4207,#4208,#4209));
#4211=FACE_OUTER_BOUND('',#4210,.F.);
#4212=ADVANCED_FACE('',(#4211),#4205,.F.);
#4213=CARTESIAN_POINT('',(-2.86E-1,-5.E-2,1.355E-1));
#4214=DIRECTION('',(-1.E0,0.E0,0.E0));
#4215=DIRECTION('',(0.E0,-1.E0,0.E0));
#4216=AXIS2_PLACEMENT_3D('',#4213,#4214,#4215);
#4217=PLANE('',#4216);
#4218=ORIENTED_EDGE('',*,*,#3988,.T.);
#4219=ORIENTED_EDGE('',*,*,#2217,.T.);
#4220=ORIENTED_EDGE('',*,*,#3923,.F.);
#4221=ORIENTED_EDGE('',*,*,#4099,.F.);
#4222=EDGE_LOOP('',(#4218,#4219,#4220,#4221));
#4223=FACE_OUTER_BOUND('',#4222,.F.);
#4224=ADVANCED_FACE('',(#4223),#4217,.F.);
#4225=CARTESIAN_POINT('',(-4.65E-1,-2.732050807569E-2,1.255E-1));
#4226=DIRECTION('',(0.E0,1.E0,0.E0));
#4227=DIRECTION('',(0.E0,0.E0,1.E0));
#4228=AXIS2_PLACEMENT_3D('',#4225,#4226,#4227);
#4229=PLANE('',#4228);
#4230=ORIENTED_EDGE('',*,*,#2186,.F.);
#4232=ORIENTED_EDGE('',*,*,#4231,.T.);
#4233=ORIENTED_EDGE('',*,*,#3813,.T.);
#4234=ORIENTED_EDGE('',*,*,#3953,.F.);
#4235=EDGE_LOOP('',(#4230,#4232,#4233,#4234));
#4236=FACE_OUTER_BOUND('',#4235,.F.);
#4237=ADVANCED_FACE('',(#4236),#4229,.T.);
#4238=CARTESIAN_POINT('',(-4.65E-1,-2.320508075690E-3,1.255E-1));
#4239=DIRECTION('',(0.E0,0.E0,1.E0));
#4240=DIRECTION('',(0.E0,-1.E0,0.E0));
#4241=AXIS2_PLACEMENT_3D('',#4238,#4239,#4240);
#4242=PLANE('',#4241);
#4243=ORIENTED_EDGE('',*,*,#2184,.F.);
#4245=ORIENTED_EDGE('',*,*,#4244,.T.);
#4246=ORIENTED_EDGE('',*,*,#3815,.T.);
#4247=ORIENTED_EDGE('',*,*,#4231,.F.);
#4248=EDGE_LOOP('',(#4243,#4245,#4246,#4247));
#4249=FACE_OUTER_BOUND('',#4248,.F.);
#4250=ADVANCED_FACE('',(#4249),#4242,.T.);
#4251=CARTESIAN_POINT('',(-4.65E-1,1.5E-2,1.355E-1));
#4252=DIRECTION('',(0.E0,-5.E-1,8.660254037845E-1));
#4253=DIRECTION('',(0.E0,-8.660254037845E-1,-5.E-1));
#4254=AXIS2_PLACEMENT_3D('',#4251,#4252,#4253);
#4255=PLANE('',#4254);
#4256=ORIENTED_EDGE('',*,*,#2182,.F.);
#4258=ORIENTED_EDGE('',*,*,#4257,.T.);
#4259=ORIENTED_EDGE('',*,*,#3817,.T.);
#4260=ORIENTED_EDGE('',*,*,#4244,.F.);
#4261=EDGE_LOOP('',(#4256,#4258,#4259,#4260));
#4262=FACE_OUTER_BOUND('',#4261,.F.);
#4263=ADVANCED_FACE('',(#4262),#4255,.T.);
#4264=CARTESIAN_POINT('',(-4.65E-1,5.E-2,1.355E-1));
#4265=DIRECTION('',(0.E0,0.E0,1.E0));
#4266=DIRECTION('',(0.E0,-1.E0,0.E0));
#4267=AXIS2_PLACEMENT_3D('',#4264,#4265,#4266);
#4268=PLANE('',#4267);
#4269=ORIENTED_EDGE('',*,*,#2180,.F.);
#4270=ORIENTED_EDGE('',*,*,#2535,.T.);
#4271=ORIENTED_EDGE('',*,*,#3819,.T.);
#4272=ORIENTED_EDGE('',*,*,#4257,.F.);
#4273=EDGE_LOOP('',(#4269,#4270,#4271,#4272));
#4274=FACE_OUTER_BOUND('',#4273,.F.);
#4275=ADVANCED_FACE('',(#4274),#4268,.T.);
#4276=CARTESIAN_POINT('',(-3.9E-1,0.E0,0.E0));
#4277=DIRECTION('',(1.E0,0.E0,0.E0));
#4278=DIRECTION('',(0.E0,0.E0,-1.E0));
#4279=AXIS2_PLACEMENT_3D('',#4276,#4277,#4278);
#4280=PLANE('',#4279);
#4281=ORIENTED_EDGE('',*,*,#3793,.F.);
#4282=ORIENTED_EDGE('',*,*,#3738,.T.);
#4283=ORIENTED_EDGE('',*,*,#3710,.T.);
#4285=ORIENTED_EDGE('',*,*,#4284,.T.);
#4287=ORIENTED_EDGE('',*,*,#4286,.T.);
#4289=ORIENTED_EDGE('',*,*,#4288,.T.);
#4291=ORIENTED_EDGE('',*,*,#4290,.T.);
#4293=ORIENTED_EDGE('',*,*,#4292,.T.);
#4295=ORIENTED_EDGE('',*,*,#4294,.T.);
#4297=ORIENTED_EDGE('',*,*,#4296,.T.);
#4299=ORIENTED_EDGE('',*,*,#4298,.T.);
#4301=ORIENTED_EDGE('',*,*,#4300,.T.);
#4302=ORIENTED_EDGE('',*,*,#3646,.T.);
#4303=EDGE_LOOP('',(#4281,#4282,#4283,#4285,#4287,#4289,#4291,#4293,#4295,#4297,
#4299,#4301,#4302));
#4304=FACE_OUTER_BOUND('',#4303,.F.);
#4305=ADVANCED_FACE('',(#4304),#4280,.F.);
#4306=CARTESIAN_POINT('',(3.9E-1,-5.E-3,-1.835E-1));
#4307=DIRECTION('',(1.E0,0.E0,0.E0));
#4308=DIRECTION('',(0.E0,0.E0,-1.E0));
#4309=AXIS2_PLACEMENT_3D('',#4306,#4307,#4308);
#4310=CYLINDRICAL_SURFACE('',#4309,7.5E-2);
#4311=ORIENTED_EDGE('',*,*,#3660,.F.);
#4312=ORIENTED_EDGE('',*,*,#3696,.F.);
#4313=ORIENTED_EDGE('',*,*,#3768,.T.);
#4315=ORIENTED_EDGE('',*,*,#4314,.T.);
#4316=EDGE_LOOP('',(#4311,#4312,#4313,#4315));
#4317=FACE_OUTER_BOUND('',#4316,.F.);
#4318=ADVANCED_FACE('',(#4317),#4310,.T.);
#4319=CARTESIAN_POINT('',(3.9E-1,-5.E-3,-1.835E-1));
#4320=DIRECTION('',(1.E0,0.E0,0.E0));
#4321=DIRECTION('',(0.E0,0.E0,-1.E0));
#4322=AXIS2_PLACEMENT_3D('',#4319,#4320,#4321);
#4323=CYLINDRICAL_SURFACE('',#4322,7.5E-2);
#4325=ORIENTED_EDGE('',*,*,#4324,.T.);
#4327=ORIENTED_EDGE('',*,*,#4326,.T.);
#4328=ORIENTED_EDGE('',*,*,#4284,.F.);
#4329=ORIENTED_EDGE('',*,*,#3708,.F.);
#4330=EDGE_LOOP('',(#4325,#4327,#4328,#4329));
#4331=FACE_OUTER_BOUND('',#4330,.F.);
#4332=ADVANCED_FACE('',(#4331),#4323,.T.);
#4333=CARTESIAN_POINT('',(3.9E-1,-5.E-3,-2.585E-1));
#4334=DIRECTION('',(0.E0,0.E0,-1.E0));
#4335=DIRECTION('',(0.E0,1.E0,0.E0));
#4336=AXIS2_PLACEMENT_3D('',#4333,#4334,#4335);
#4337=PLANE('',#4336);
#4338=ORIENTED_EDGE('',*,*,#3662,.F.);
#4339=ORIENTED_EDGE('',*,*,#4314,.F.);
#4340=ORIENTED_EDGE('',*,*,#3766,.T.);
#4342=ORIENTED_EDGE('',*,*,#4341,.T.);
#4343=EDGE_LOOP('',(#4338,#4339,#4340,#4342));
#4344=FACE_OUTER_BOUND('',#4343,.F.);
#4345=ADVANCED_FACE('',(#4344),#4337,.T.);
#4346=CARTESIAN_POINT('',(3.9E-1,-5.E-3,-2.585E-1));
#4347=DIRECTION('',(0.E0,0.E0,-1.E0));
#4348=DIRECTION('',(0.E0,1.E0,0.E0));
#4349=AXIS2_PLACEMENT_3D('',#4346,#4347,#4348);
#4350=PLANE('',#4349);
#4352=ORIENTED_EDGE('',*,*,#4351,.T.);
#4354=ORIENTED_EDGE('',*,*,#4353,.T.);
#4355=ORIENTED_EDGE('',*,*,#4286,.F.);
#4356=ORIENTED_EDGE('',*,*,#4326,.F.);
#4357=EDGE_LOOP('',(#4352,#4354,#4355,#4356));
#4358=FACE_OUTER_BOUND('',#4357,.F.);
#4359=ADVANCED_FACE('',(#4358),#4350,.T.);
#4360=CARTESIAN_POINT('',(3.9E-1,3.66E-1,-2.585E-1));
#4361=DIRECTION('',(0.E0,1.E0,0.E0));
#4362=DIRECTION('',(0.E0,0.E0,1.E0));
#4363=AXIS2_PLACEMENT_3D('',#4360,#4361,#4362);
#4364=PLANE('',#4363);
#4365=ORIENTED_EDGE('',*,*,#3664,.F.);
#4366=ORIENTED_EDGE('',*,*,#4341,.F.);
#4367=ORIENTED_EDGE('',*,*,#3764,.T.);
#4369=ORIENTED_EDGE('',*,*,#4368,.T.);
#4370=EDGE_LOOP('',(#4365,#4366,#4367,#4369));
#4371=FACE_OUTER_BOUND('',#4370,.F.);
#4372=ADVANCED_FACE('',(#4371),#4364,.T.);
#4373=CARTESIAN_POINT('',(3.9E-1,3.66E-1,-2.585E-1));
#4374=DIRECTION('',(0.E0,1.E0,0.E0));
#4375=DIRECTION('',(0.E0,0.E0,1.E0));
#4376=AXIS2_PLACEMENT_3D('',#4373,#4374,#4375);
#4377=PLANE('',#4376);
#4379=ORIENTED_EDGE('',*,*,#4378,.T.);
#4381=ORIENTED_EDGE('',*,*,#4380,.T.);
#4382=ORIENTED_EDGE('',*,*,#4288,.F.);
#4383=ORIENTED_EDGE('',*,*,#4353,.F.);
#4384=EDGE_LOOP('',(#4379,#4381,#4382,#4383));
#4385=FACE_OUTER_BOUND('',#4384,.F.);
#4386=ADVANCED_FACE('',(#4385),#4377,.T.);
#4387=CARTESIAN_POINT('',(3.9E-1,3.66E-1,-2.300674330427E-1));
#4388=DIRECTION('',(0.E0,5.735764363510E-1,8.191520442890E-1));
#4389=DIRECTION('',(0.E0,-8.191520442890E-1,5.735764363510E-1));
#4390=AXIS2_PLACEMENT_3D('',#4387,#4388,#4389);
#4391=PLANE('',#4390);
#4392=ORIENTED_EDGE('',*,*,#3666,.F.);
#4393=ORIENTED_EDGE('',*,*,#4368,.F.);
#4394=ORIENTED_EDGE('',*,*,#3762,.T.);
#4396=ORIENTED_EDGE('',*,*,#4395,.T.);
#4397=EDGE_LOOP('',(#4392,#4393,#4394,#4396));
#4398=FACE_OUTER_BOUND('',#4397,.F.);
#4399=ADVANCED_FACE('',(#4398),#4391,.T.);
#4400=CARTESIAN_POINT('',(3.9E-1,3.66E-1,-2.300674330427E-1));
#4401=DIRECTION('',(0.E0,5.735764363510E-1,8.191520442890E-1));
#4402=DIRECTION('',(0.E0,-8.191520442890E-1,5.735764363510E-1));
#4403=AXIS2_PLACEMENT_3D('',#4400,#4401,#4402);
#4404=PLANE('',#4403);
#4406=ORIENTED_EDGE('',*,*,#4405,.T.);
#4408=ORIENTED_EDGE('',*,*,#4407,.T.);
#4409=ORIENTED_EDGE('',*,*,#4290,.F.);
#4410=ORIENTED_EDGE('',*,*,#4380,.F.);
#4411=EDGE_LOOP('',(#4406,#4408,#4409,#4410));
#4412=FACE_OUTER_BOUND('',#4411,.F.);
#4413=ADVANCED_FACE('',(#4412),#4404,.T.);
#4414=CARTESIAN_POINT('',(3.9E-1,2.43E-1,-2.355E-1));
#4415=DIRECTION('',(1.E0,0.E0,0.E0));
#4416=DIRECTION('',(0.E0,0.E0,-1.E0));
#4417=AXIS2_PLACEMENT_3D('',#4414,#4415,#4416);
#4418=CYLINDRICAL_SURFACE('',#4417,7.5E-2);
#4419=ORIENTED_EDGE('',*,*,#3668,.F.);
#4420=ORIENTED_EDGE('',*,*,#4395,.F.);
#4421=ORIENTED_EDGE('',*,*,#3760,.T.);
#4423=ORIENTED_EDGE('',*,*,#4422,.T.);
#4424=EDGE_LOOP('',(#4419,#4420,#4421,#4423));
#4425=FACE_OUTER_BOUND('',#4424,.F.);
#4426=ADVANCED_FACE('',(#4425),#4418,.T.);
#4427=CARTESIAN_POINT('',(3.9E-1,2.43E-1,-2.355E-1));
#4428=DIRECTION('',(1.E0,0.E0,0.E0));
#4429=DIRECTION('',(0.E0,0.E0,-1.E0));
#4430=AXIS2_PLACEMENT_3D('',#4427,#4428,#4429);
#4431=CYLINDRICAL_SURFACE('',#4430,7.5E-2);
#4433=ORIENTED_EDGE('',*,*,#4432,.T.);
#4435=ORIENTED_EDGE('',*,*,#4434,.T.);
#4436=ORIENTED_EDGE('',*,*,#4292,.F.);
#4437=ORIENTED_EDGE('',*,*,#4407,.F.);
#4438=EDGE_LOOP('',(#4433,#4435,#4436,#4437));
#4439=FACE_OUTER_BOUND('',#4438,.F.);
#4440=ADVANCED_FACE('',(#4439),#4431,.T.);
#4441=CARTESIAN_POINT('',(3.9E-1,1.899669914110E-1,-1.824669914110E-1));
#4442=DIRECTION('',(0.E0,-7.071067811865E-1,7.071067811865E-1));
#4443=DIRECTION('',(0.E0,-7.071067811865E-1,-7.071067811865E-1));
#4444=AXIS2_PLACEMENT_3D('',#4441,#4442,#4443);
#4445=PLANE('',#4444);
#4446=ORIENTED_EDGE('',*,*,#3670,.F.);
#4447=ORIENTED_EDGE('',*,*,#4422,.F.);
#4448=ORIENTED_EDGE('',*,*,#3758,.T.);
#4450=ORIENTED_EDGE('',*,*,#4449,.T.);
#4451=EDGE_LOOP('',(#4446,#4447,#4448,#4450));
#4452=FACE_OUTER_BOUND('',#4451,.F.);
#4453=ADVANCED_FACE('',(#4452),#4445,.T.);
#4454=CARTESIAN_POINT('',(3.9E-1,1.899669914110E-1,-1.824669914110E-1));
#4455=DIRECTION('',(0.E0,-7.071067811865E-1,7.071067811865E-1));
#4456=DIRECTION('',(0.E0,-7.071067811865E-1,-7.071067811865E-1));
#4457=AXIS2_PLACEMENT_3D('',#4454,#4455,#4456);
#4458=PLANE('',#4457);
#4460=ORIENTED_EDGE('',*,*,#4459,.T.);
#4462=ORIENTED_EDGE('',*,*,#4461,.T.);
#4463=ORIENTED_EDGE('',*,*,#4294,.F.);
#4464=ORIENTED_EDGE('',*,*,#4434,.F.);
#4465=EDGE_LOOP('',(#4460,#4462,#4463,#4464));
#4466=FACE_OUTER_BOUND('',#4465,.F.);
#4467=ADVANCED_FACE('',(#4466),#4458,.T.);
#4468=CARTESIAN_POINT('',(3.9E-1,1.128679656440E-1,-1.535E-1));
#4469=DIRECTION('',(1.E0,0.E0,0.E0));
#4470=DIRECTION('',(0.E0,0.E0,-1.E0));
#4471=AXIS2_PLACEMENT_3D('',#4468,#4469,#4470);
#4472=CYLINDRICAL_SURFACE('',#4471,7.5E-2);
#4473=ORIENTED_EDGE('',*,*,#3672,.T.);
#4474=ORIENTED_EDGE('',*,*,#4449,.F.);
#4475=ORIENTED_EDGE('',*,*,#3756,.T.);
#4477=ORIENTED_EDGE('',*,*,#4476,.T.);
#4478=EDGE_LOOP('',(#4473,#4474,#4475,#4477));
#4479=FACE_OUTER_BOUND('',#4478,.F.);
#4480=ADVANCED_FACE('',(#4479),#4472,.F.);
#4481=CARTESIAN_POINT('',(3.9E-1,1.128679656440E-1,-1.535E-1));
#4482=DIRECTION('',(1.E0,0.E0,0.E0));
#4483=DIRECTION('',(0.E0,0.E0,-1.E0));
#4484=AXIS2_PLACEMENT_3D('',#4481,#4482,#4483);
#4485=CYLINDRICAL_SURFACE('',#4484,7.5E-2);
#4487=ORIENTED_EDGE('',*,*,#4486,.F.);
#4489=ORIENTED_EDGE('',*,*,#4488,.T.);
#4490=ORIENTED_EDGE('',*,*,#4296,.F.);
#4491=ORIENTED_EDGE('',*,*,#4461,.F.);
#4492=EDGE_LOOP('',(#4487,#4489,#4490,#4491));
#4493=FACE_OUTER_BOUND('',#4492,.F.);
#4494=ADVANCED_FACE('',(#4493),#4485,.F.);
#4495=CARTESIAN_POINT('',(3.9E-1,1.128679656440E-1,-2.285E-1));
#4496=DIRECTION('',(0.E0,0.E0,1.E0));
#4497=DIRECTION('',(0.E0,-1.E0,0.E0));
#4498=AXIS2_PLACEMENT_3D('',#4495,#4496,#4497);
#4499=PLANE('',#4498);
#4500=ORIENTED_EDGE('',*,*,#3674,.F.);
#4501=ORIENTED_EDGE('',*,*,#4476,.F.);
#4502=ORIENTED_EDGE('',*,*,#3754,.T.);
#4504=ORIENTED_EDGE('',*,*,#4503,.T.);
#4505=EDGE_LOOP('',(#4500,#4501,#4502,#4504));
#4506=FACE_OUTER_BOUND('',#4505,.F.);
#4507=ADVANCED_FACE('',(#4506),#4499,.T.);
#4508=CARTESIAN_POINT('',(3.9E-1,1.128679656440E-1,-2.285E-1));
#4509=DIRECTION('',(0.E0,0.E0,1.E0));
#4510=DIRECTION('',(0.E0,-1.E0,0.E0));
#4511=AXIS2_PLACEMENT_3D('',#4508,#4509,#4510);
#4512=PLANE('',#4511);
#4514=ORIENTED_EDGE('',*,*,#4513,.T.);
#4516=ORIENTED_EDGE('',*,*,#4515,.T.);
#4517=ORIENTED_EDGE('',*,*,#4298,.F.);
#4518=ORIENTED_EDGE('',*,*,#4488,.F.);
#4519=EDGE_LOOP('',(#4514,#4516,#4517,#4518));
#4520=FACE_OUTER_BOUND('',#4519,.F.);
#4521=ADVANCED_FACE('',(#4520),#4512,.T.);
#4522=CARTESIAN_POINT('',(3.9E-1,1.735533905933E-2,-2.035E-1));
#4523=DIRECTION('',(1.E0,0.E0,0.E0));
#4524=DIRECTION('',(0.E0,0.E0,-1.E0));
#4525=AXIS2_PLACEMENT_3D('',#4522,#4523,#4524);
#4526=CYLINDRICAL_SURFACE('',#4525,2.5E-2);
#4527=ORIENTED_EDGE('',*,*,#3676,.T.);
#4528=ORIENTED_EDGE('',*,*,#4503,.F.);
#4529=ORIENTED_EDGE('',*,*,#3752,.T.);
#4530=ORIENTED_EDGE('',*,*,#3630,.T.);
#4531=EDGE_LOOP('',(#4527,#4528,#4529,#4530));
#4532=FACE_OUTER_BOUND('',#4531,.F.);
#4533=ADVANCED_FACE('',(#4532),#4526,.F.);
#4534=CARTESIAN_POINT('',(3.9E-1,1.735533905933E-2,-2.035E-1));
#4535=DIRECTION('',(1.E0,0.E0,0.E0));
#4536=DIRECTION('',(0.E0,0.E0,-1.E0));
#4537=AXIS2_PLACEMENT_3D('',#4534,#4535,#4536);
#4538=CYLINDRICAL_SURFACE('',#4537,2.5E-2);
#4540=ORIENTED_EDGE('',*,*,#4539,.F.);
#4541=ORIENTED_EDGE('',*,*,#3648,.T.);
#4542=ORIENTED_EDGE('',*,*,#4300,.F.);
#4543=ORIENTED_EDGE('',*,*,#4515,.F.);
#4544=EDGE_LOOP('',(#4540,#4541,#4542,#4543));
#4545=FACE_OUTER_BOUND('',#4544,.F.);
#4546=ADVANCED_FACE('',(#4545),#4538,.F.);
#4547=CARTESIAN_POINT('',(-2.5E-2,-8.E-2,-2.585E-1));
#4548=DIRECTION('',(-1.E0,0.E0,0.E0));
#4549=DIRECTION('',(0.E0,1.E0,0.E0));
#4550=AXIS2_PLACEMENT_3D('',#4547,#4548,#4549);
#4551=PLANE('',#4550);
#4552=ORIENTED_EDGE('',*,*,#3706,.F.);
#4553=ORIENTED_EDGE('',*,*,#3735,.F.);
#4555=ORIENTED_EDGE('',*,*,#4554,.T.);
#4556=ORIENTED_EDGE('',*,*,#3643,.F.);
#4557=ORIENTED_EDGE('',*,*,#4539,.T.);
#4558=ORIENTED_EDGE('',*,*,#4513,.F.);
#4559=ORIENTED_EDGE('',*,*,#4486,.T.);
#4560=ORIENTED_EDGE('',*,*,#4459,.F.);
#4561=ORIENTED_EDGE('',*,*,#4432,.F.);
#4562=ORIENTED_EDGE('',*,*,#4405,.F.);
#4563=ORIENTED_EDGE('',*,*,#4378,.F.);
#4564=ORIENTED_EDGE('',*,*,#4351,.F.);
#4565=ORIENTED_EDGE('',*,*,#4324,.F.);
#4566=EDGE_LOOP('',(#4552,#4553,#4555,#4556,#4557,#4558,#4559,#4560,#4561,#4562,
#4563,#4564,#4565));
#4567=FACE_OUTER_BOUND('',#4566,.F.);
#4568=ADVANCED_FACE('',(#4567),#4551,.F.);
#4569=CARTESIAN_POINT('',(-4.65E-1,-5.E-2,-1.355E-1));
#4570=DIRECTION('',(0.E0,0.E0,-1.E0));
#4571=DIRECTION('',(0.E0,1.E0,0.E0));
#4572=AXIS2_PLACEMENT_3D('',#4569,#4570,#4571);
#4573=PLANE('',#4572);
#4574=ORIENTED_EDGE('',*,*,#2263,.T.);
#4575=ORIENTED_EDGE('',*,*,#3679,.F.);
#4576=ORIENTED_EDGE('',*,*,#2542,.F.);
#4577=ORIENTED_EDGE('',*,*,#4554,.F.);
#4578=EDGE_LOOP('',(#4574,#4575,#4576,#4577));
#4579=FACE_OUTER_BOUND('',#4578,.F.);
#4580=ADVANCED_FACE('',(#4579),#4573,.T.);
#4581=CARTESIAN_POINT('',(3.88E-1,5.E-1,-6.55E-2));
#4582=DIRECTION('',(0.E0,1.E0,0.E0));
#4583=DIRECTION('',(0.E0,0.E0,1.E0));
#4584=AXIS2_PLACEMENT_3D('',#4581,#4582,#4583);
#4585=PLANE('',#4584);
#4586=ORIENTED_EDGE('',*,*,#2454,.F.);
#4587=ORIENTED_EDGE('',*,*,#2426,.F.);
#4588=ORIENTED_EDGE('',*,*,#2389,.F.);
#4589=ORIENTED_EDGE('',*,*,#2360,.F.);
#4590=EDGE_LOOP('',(#4586,#4587,#4588,#4589));
#4591=FACE_OUTER_BOUND('',#4590,.F.);
#4592=ADVANCED_FACE('',(#4591),#4585,.T.);
#4593=CLOSED_SHELL('',(#2196,#2327,#2350,#2366,#2380,#2395,#2417,#2432,#2445,
#2459,#2472,#2485,#2498,#2511,#2523,#2602,#2625,#2640,#2654,#2668,#2690,#2704,
#2717,#2730,#2743,#2756,#2769,#2782,#2794,#2806,#2829,#2844,#2858,#2872,#2894,
#2908,#2921,#2934,#2947,#2960,#2973,#2986,#2998,#3010,#3033,#3048,#3062,#3076,
#3098,#3112,#3125,#3138,#3151,#3164,#3177,#3190,#3202,#3214,#3237,#3252,#3266,
#3280,#3302,#3316,#3329,#3342,#3355,#3368,#3381,#3394,#3406,#3418,#3441,#3456,
#3470,#3484,#3506,#3520,#3533,#3546,#3559,#3572,#3585,#3598,#3610,#3622,#3637,
#3652,#3685,#3700,#3716,#3729,#3743,#3774,#3787,#3800,#3825,#3839,#3854,#3869,
#3884,#3899,#3913,#3928,#3942,#3997,#4010,#4022,#4036,#4050,#4064,#4078,#4090,
#4104,#4116,#4128,#4140,#4152,#4164,#4176,#4188,#4200,#4212,#4224,#4237,#4250,
#4263,#4275,#4305,#4318,#4332,#4345,#4359,#4372,#4386,#4399,#4413,#4426,#4440,
#4453,#4467,#4480,#4494,#4507,#4521,#4533,#4546,#4568,#4580,#4592));
#4594=MANIFOLD_SOLID_BREP('',#4593);
#4595=CARTESIAN_POINT('',(0.E0,0.E0,0.E0));
#4596=DIRECTION('',(0.E0,0.E0,1.E0));
#4597=DIRECTION('',(1.E0,0.E0,0.E0));
#4598=AXIS2_PLACEMENT_3D('CSYS',#4595,#4596,#4597);
#4599=CARTESIAN_POINT('',(3.9E-1,-2.88E-1,1.355E-1));
#4600=DIRECTION('',(0.E0,0.E0,1.E0));
#4601=DIRECTION('',(1.E0,0.E0,0.E0));
#4602=AXIS2_PLACEMENT_3D('',#4599,#4600,#4601);
#4606=CARTESIAN_POINT('',(3.9E-1,-2.88E-1,1.355E-1));
#4607=DIRECTION('',(0.E0,0.E0,1.E0));
#4608=DIRECTION('',(-1.E0,0.E0,0.E0));
#4609=AXIS2_PLACEMENT_3D('',#4606,#4607,#4608);
#4615=CARTESIAN_POINT('',(2.34E-1,-2.88E-1,1.355E-1));
#4616=DIRECTION('',(0.E0,0.E0,1.E0));
#4617=DIRECTION('',(1.E0,0.E0,0.E0));
#4618=AXIS2_PLACEMENT_3D('',#4615,#4616,#4617);
#4622=CARTESIAN_POINT('',(2.34E-1,-2.88E-1,1.355E-1));
#4623=DIRECTION('',(0.E0,0.E0,1.E0));
#4624=DIRECTION('',(-1.E0,0.E0,0.E0));
#4625=AXIS2_PLACEMENT_3D('',#4622,#4623,#4624);
#4630=CARTESIAN_POINT('',(7.8E-2,-2.88E-1,1.355E-1));
#4631=DIRECTION('',(0.E0,0.E0,1.E0));
#4632=DIRECTION('',(1.E0,0.E0,0.E0));
#4633=AXIS2_PLACEMENT_3D('',#4630,#4631,#4632);
#4637=CARTESIAN_POINT('',(7.8E-2,-2.88E-1,1.355E-1));
#4638=DIRECTION('',(0.E0,0.E0,1.E0));
#4639=DIRECTION('',(-1.E0,0.E0,0.E0));
#4640=AXIS2_PLACEMENT_3D('',#4637,#4638,#4639);
#4645=CARTESIAN_POINT('',(-7.8E-2,-2.88E-1,1.355E-1));
#4646=DIRECTION('',(0.E0,0.E0,1.E0));
#4647=DIRECTION('',(1.E0,0.E0,0.E0));
#4648=AXIS2_PLACEMENT_3D('',#4645,#4646,#4647);
#4652=CARTESIAN_POINT('',(-7.8E-2,-2.88E-1,1.355E-1));
#4653=DIRECTION('',(0.E0,0.E0,1.E0));
#4654=DIRECTION('',(-1.E0,0.E0,0.E0));
#4655=AXIS2_PLACEMENT_3D('',#4652,#4653,#4654);
#4660=CARTESIAN_POINT('',(-2.34E-1,-2.88E-1,1.355E-1));
#4661=DIRECTION('',(0.E0,0.E0,1.E0));
#4662=DIRECTION('',(1.E0,0.E0,0.E0));
#4663=AXIS2_PLACEMENT_3D('',#4660,#4661,#4662);
#4667=CARTESIAN_POINT('',(-2.34E-1,-2.88E-1,1.355E-1));
#4668=DIRECTION('',(0.E0,0.E0,1.E0));
#4669=DIRECTION('',(-1.E0,0.E0,0.E0));
#4670=AXIS2_PLACEMENT_3D('',#4667,#4668,#4669);
#4675=CARTESIAN_POINT('',(-3.9E-1,-2.88E-1,1.355E-1));
#4676=DIRECTION('',(0.E0,0.E0,1.E0));
#4677=DIRECTION('',(1.E0,0.E0,0.E0));
#4678=AXIS2_PLACEMENT_3D('',#4675,#4676,#4677);
#4682=CARTESIAN_POINT('',(-3.9E-1,-2.88E-1,1.355E-1));
#4683=DIRECTION('',(0.E0,0.E0,1.E0));
#4684=DIRECTION('',(-1.E0,0.E0,0.E0));
#4685=AXIS2_PLACEMENT_3D('',#4682,#4683,#4684);
#4690=DIMENSIONAL_EXPONENTS(1.E0,0.E0,0.E0,0.E0,0.E0,0.E0,0.E0);
#4692=LENGTH_MEASURE_WITH_UNIT(LENGTH_MEASURE(2.54E1),#4691);
#4693=(CONVERSION_BASED_UNIT('INCH',#4692)LENGTH_UNIT()NAMED_UNIT(#4690));
#4694=DIMENSIONAL_EXPONENTS(0.E0,0.E0,0.E0,0.E0,0.E0,0.E0,0.E0);
#4696=PLANE_ANGLE_MEASURE_WITH_UNIT(PLANE_ANGLE_MEASURE(1.745329251994E-2),
#4695);
#4697=(CONVERSION_BASED_UNIT('DEGREE',#4696)NAMED_UNIT(*)PLANE_ANGLE_UNIT());
#4699=UNCERTAINTY_MEASURE_WITH_UNIT(LENGTH_MEASURE(1.356253627370E-4),#4693,
'closure',
'Maximum model space distance between geometric entities at asserted connectivities');
#4700=(GEOMETRIC_REPRESENTATION_CONTEXT(3)GLOBAL_UNCERTAINTY_ASSIGNED_CONTEXT((
#4699))GLOBAL_UNIT_ASSIGNED_CONTEXT((#4693,#4697,#4698))REPRESENTATION_CONTEXT(
'ID1','3'));
#4614=GEOMETRIC_SET('',(#4613,#4629,#4644,#4659,#4674,#4689));
#4704=SHAPE_REPRESENTATION_RELATIONSHIP('','',#4703,#4701);
#4705=SHAPE_REPRESENTATION_RELATIONSHIP('','',#4703,#4702);
#4706=APPLICATION_CONTEXT(
'CONFIGURATION CONTROLLED 3D DESIGNS OF MECHANICAL PARTS AND ASSEMBLIES');
#4707=APPLICATION_PROTOCOL_DEFINITION('international standard',
'config_control_design',1994,#4706);
#4708=DESIGN_CONTEXT('',#4706,'design');
#4709=MECHANICAL_CONTEXT('',#4706,'mechanical');
#4710=PRODUCT('026605060','026605060','NOT SPECIFIED',(#4709));
#4711=PRODUCT_DEFINITION_FORMATION_WITH_SPECIFIED_SOURCE('3','LAST_VERSION',
#4710,.MADE.);
#4715=PRODUCT_CATEGORY('part','');
#4716=PRODUCT_RELATED_PRODUCT_CATEGORY('detail','',(#4710));
#4717=PRODUCT_CATEGORY_RELATIONSHIP('','',#4715,#4716);
#4718=SECURITY_CLASSIFICATION_LEVEL('unclassified');
#4719=SECURITY_CLASSIFICATION('','',#4718);
#4720=CC_DESIGN_SECURITY_CLASSIFICATION(#4719,(#4711));
#4721=APPROVAL_STATUS('approved');
#4722=APPROVAL(#4721,'');
#4723=CC_DESIGN_APPROVAL(#4722,(#4719,#4711,#4712));
#4724=CALENDAR_DATE(115,21,4);
#4725=COORDINATED_UNIVERSAL_TIME_OFFSET(5,30,.AHEAD.);
#4726=LOCAL_TIME(12,15,2.E1,#4725);
#4727=DATE_AND_TIME(#4724,#4726);
#4728=APPROVAL_DATE_TIME(#4727,#4722);
#4729=DATE_TIME_ROLE('creation_date');
#4730=CC_DESIGN_DATE_AND_TIME_ASSIGNMENT(#4727,#4729,(#4712));
#4731=DATE_TIME_ROLE('classification_date');
#4732=CC_DESIGN_DATE_AND_TIME_ASSIGNMENT(#4727,#4731,(#4719));
#4733=PERSON('UNSPECIFIED','UNSPECIFIED',$,$,$,$);
#4734=ORGANIZATION('UNSPECIFIED','UNSPECIFIED','UNSPECIFIED');
#4735=PERSON_AND_ORGANIZATION(#4733,#4734);
#4736=APPROVAL_ROLE('approver');
#4737=APPROVAL_PERSON_ORGANIZATION(#4735,#4722,#4736);
#4738=PERSON_AND_ORGANIZATION_ROLE('creator');
#4739=CC_DESIGN_PERSON_AND_ORGANIZATION_ASSIGNMENT(#4735,#4738,(#4711,#4712));
#4740=PERSON_AND_ORGANIZATION_ROLE('design_supplier');
#4741=CC_DESIGN_PERSON_AND_ORGANIZATION_ASSIGNMENT(#4735,#4740,(#4711));
#4742=PERSON_AND_ORGANIZATION_ROLE('classification_officer');
#4743=CC_DESIGN_PERSON_AND_ORGANIZATION_ASSIGNMENT(#4735,#4742,(#4719));
#4744=PERSON_AND_ORGANIZATION_ROLE('design_owner');
#4745=CC_DESIGN_PERSON_AND_ORGANIZATION_ASSIGNMENT(#4735,#4744,(#4710));
#209=CIRCLE('',#208,1.205E-1);
#238=CIRCLE('',#237,7.55E-2);
#267=CIRCLE('',#266,1.205E-1);
#300=CIRCLE('',#299,7.55E-2);
#425=CIRCLE('',#424,1.205E-1);
#454=CIRCLE('',#453,7.55E-2);
#483=CIRCLE('',#482,1.205E-1);
#516=CIRCLE('',#515,7.55E-2);
#541=CIRCLE('',#540,1.205E-1);
#570=CIRCLE('',#569,7.55E-2);
#599=CIRCLE('',#598,1.205E-1);
#632=CIRCLE('',#631,7.55E-2);
#657=CIRCLE('',#656,1.205E-1);
#686=CIRCLE('',#685,7.55E-2);
#715=CIRCLE('',#714,1.205E-1);
#748=CIRCLE('',#747,7.55E-2);
#773=CIRCLE('',#772,1.205E-1);
#802=CIRCLE('',#801,7.55E-2);
#831=CIRCLE('',#830,1.205E-1);
#864=CIRCLE('',#863,7.55E-2);
#889=CIRCLE('',#888,1.205E-1);
#918=CIRCLE('',#917,7.55E-2);
#947=CIRCLE('',#946,1.205E-1);
#980=CIRCLE('',#979,7.55E-2);
#1045=CIRCLE('',#1044,2.5E-2);
#1054=CIRCLE('',#1053,7.5E-2);
#1063=CIRCLE('',#1062,7.5E-2);
#1080=CIRCLE('',#1079,7.5E-2);
#1425=CIRCLE('',#1424,7.5E-2);
#1442=CIRCLE('',#1441,7.5E-2);
#1451=CIRCLE('',#1450,7.5E-2);
#1460=CIRCLE('',#1459,2.5E-2);
#1469=CIRCLE('',#1468,7.5E-2);
#1478=CIRCLE('',#1477,7.5E-2);
#1535=CIRCLE('',#1534,7.5E-2);
#1544=CIRCLE('',#1543,7.5E-2);
#1569=CIRCLE('',#1568,7.5E-2);
#1578=CIRCLE('',#1577,7.5E-2);
#1603=CIRCLE('',#1602,2.5E-2);
#1612=CIRCLE('',#1611,2.5E-2);
#2174=EDGE_CURVE('',#1643,#1644,#4,.T.);
#2176=EDGE_CURVE('',#1644,#1646,#8,.T.);
#2178=EDGE_CURVE('',#1646,#1648,#12,.T.);
#2180=EDGE_CURVE('',#1648,#1650,#16,.T.);
#2182=EDGE_CURVE('',#1650,#1652,#20,.T.);
#2184=EDGE_CURVE('',#1652,#1654,#24,.T.);
#2186=EDGE_CURVE('',#1654,#1656,#28,.T.);
#2188=EDGE_CURVE('',#1656,#1658,#32,.T.);
#2190=EDGE_CURVE('',#1658,#1660,#36,.T.);
#2192=EDGE_CURVE('',#1660,#1643,#40,.T.);
#2202=EDGE_CURVE('',#1827,#2119,#140,.T.);
#2204=EDGE_CURVE('',#1644,#1827,#1104,.T.);
#2207=EDGE_CURVE('',#1643,#1774,#144,.T.);
#2209=EDGE_CURVE('',#1764,#1774,#1300,.T.);
#2211=EDGE_CURVE('',#1768,#1764,#1296,.T.);
#2213=EDGE_CURVE('',#1768,#1776,#148,.T.);
#2215=EDGE_CURVE('',#1776,#1758,#152,.T.);
#2217=EDGE_CURVE('',#1748,#1758,#1396,.T.);
#2219=EDGE_CURVE('',#1752,#1748,#1284,.T.);
#2221=EDGE_CURVE('',#1752,#1760,#156,.T.);
#2223=EDGE_CURVE('',#1760,#1742,#160,.T.);
#2225=EDGE_CURVE('',#1732,#1742,#1392,.T.);
#2227=EDGE_CURVE('',#1736,#1732,#1272,.T.);
#2229=EDGE_CURVE('',#1736,#1744,#164,.T.);
#2231=EDGE_CURVE('',#1744,#1726,#168,.T.);
#2233=EDGE_CURVE('',#1716,#1726,#1388,.T.);
#2235=EDGE_CURVE('',#1720,#1716,#1260,.T.);
#2237=EDGE_CURVE('',#1720,#1728,#172,.T.);
#2239=EDGE_CURVE('',#1728,#1710,#176,.T.);
#2241=EDGE_CURVE('',#1700,#1710,#1384,.T.);
#2243=EDGE_CURVE('',#1704,#1700,#1248,.T.);
#2245=EDGE_CURVE('',#1704,#1712,#180,.T.);
#2247=EDGE_CURVE('',#1712,#1694,#184,.T.);
#2249=EDGE_CURVE('',#1684,#1694,#1380,.T.);
#2251=EDGE_CURVE('',#1688,#1684,#1236,.T.);
#2253=EDGE_CURVE('',#1688,#1696,#188,.T.);
#2255=EDGE_CURVE('',#1696,#1663,#192,.T.);
#2257=EDGE_CURVE('',#1663,#1664,#1108,.T.);
#2259=EDGE_CURVE('',#1823,#1664,#1096,.T.);
#2261=EDGE_CURVE('',#2120,#1823,#196,.T.);
#2263=EDGE_CURVE('',#2119,#2120,#200,.T.);
#2267=EDGE_CURVE('',#1911,#1912,#60,.T.);
#2269=EDGE_CURVE('',#1916,#1912,#64,.T.);
#2271=EDGE_CURVE('',#1915,#1916,#68,.T.);
#2273=EDGE_CURVE('',#1911,#1915,#72,.T.);
#2277=EDGE_CURVE('',#1959,#1960,#76,.T.);
#2279=EDGE_CURVE('',#1964,#1960,#80,.T.);
#2281=EDGE_CURVE('',#1963,#1964,#84,.T.);
#2283=EDGE_CURVE('',#1959,#1963,#88,.T.);
#2287=EDGE_CURVE('',#2007,#2008,#92,.T.);
#2289=EDGE_CURVE('',#2012,#2008,#96,.T.);
#2291=EDGE_CURVE('',#2011,#2012,#100,.T.);
#2293=EDGE_CURVE('',#2007,#2011,#104,.T.);
#2297=EDGE_CURVE('',#2055,#2056,#108,.T.);
#2299=EDGE_CURVE('',#2060,#2056,#112,.T.);
#2301=EDGE_CURVE('',#2059,#2060,#116,.T.);
#2303=EDGE_CURVE('',#2055,#2059,#120,.T.);
#2307=EDGE_CURVE('',#2103,#2104,#124,.T.);
#2309=EDGE_CURVE('',#2108,#2104,#128,.T.);
#2311=EDGE_CURVE('',#2107,#2108,#132,.T.);
#2313=EDGE_CURVE('',#2103,#2107,#136,.T.);
#2317=EDGE_CURVE('',#1855,#1856,#44,.T.);
#2319=EDGE_CURVE('',#1860,#1856,#48,.T.);
#2321=EDGE_CURVE('',#1859,#1860,#52,.T.);
#2323=EDGE_CURVE('',#1855,#1859,#56,.T.);
#2334=EDGE_CURVE('',#1874,#1855,#225,.T.);
#2336=EDGE_CURVE('',#1843,#1874,#300,.T.);
#2338=EDGE_CURVE('',#1834,#1843,#291,.T.);
#2340=EDGE_CURVE('',#1832,#1834,#279,.T.);
#2342=EDGE_CURVE('',#1832,#1840,#204,.T.);
#2344=EDGE_CURVE('',#1840,#1872,#209,.T.);
#2346=EDGE_CURVE('',#1872,#1856,#213,.T.);
#2356=EDGE_CURVE('',#1863,#1864,#304,.T.);
#2358=EDGE_CURVE('',#1864,#1848,#217,.T.);
#2360=EDGE_CURVE('',#1848,#1850,#1640,.T.);
#2362=EDGE_CURVE('',#1863,#1850,#229,.T.);
#2373=EDGE_CURVE('',#1876,#1859,#242,.T.);
#2375=EDGE_CURVE('',#1874,#1876,#221,.T.);
#2386=EDGE_CURVE('',#1863,#1867,#308,.T.);
#2389=EDGE_CURVE('',#1850,#1852,#1636,.T.);
#2391=EDGE_CURVE('',#1867,#1852,#246,.T.);
#2402=EDGE_CURVE('',#1870,#1860,#254,.T.);
#2404=EDGE_CURVE('',#1839,#1870,#267,.T.);
#2406=EDGE_CURVE('',#1831,#1839,#271,.T.);
#2408=EDGE_CURVE('',#1836,#1831,#287,.T.);
#2410=EDGE_CURVE('',#1836,#1844,#233,.T.);
#2412=EDGE_CURVE('',#1844,#1876,#238,.T.);
#2423=EDGE_CURVE('',#1867,#1868,#312,.T.);
#2426=EDGE_CURVE('',#1852,#1847,#1632,.T.);
#2428=EDGE_CURVE('',#1868,#1847,#258,.T.);
#2440=EDGE_CURVE('',#1870,#1872,#250,.T.);
#2451=EDGE_CURVE('',#1868,#1864,#316,.T.);
#2454=EDGE_CURVE('',#1847,#1848,#1628,.T.);
#2465=EDGE_CURVE('',#1839,#1840,#262,.T.);
#2478=EDGE_CURVE('',#1831,#1832,#275,.T.);
#2493=EDGE_CURVE('',#1834,#1836,#283,.T.);
#2506=EDGE_CURVE('',#1843,#1844,#295,.T.);
#2529=EDGE_CURVE('',#2124,#1824,#400,.T.);
#2531=EDGE_CURVE('',#1824,#1666,#404,.T.);
#2533=EDGE_CURVE('',#1666,#1668,#1140,.T.);
#2535=EDGE_CURVE('',#1648,#1668,#1412,.T.);
#2538=EDGE_CURVE('',#1646,#1828,#408,.T.);
#2540=EDGE_CURVE('',#1828,#2123,#412,.T.);
#2542=EDGE_CURVE('',#2123,#2124,#416,.T.);
#2546=EDGE_CURVE('',#1919,#1920,#320,.T.);
#2548=EDGE_CURVE('',#1919,#1923,#324,.T.);
#2550=EDGE_CURVE('',#1923,#1924,#328,.T.);
#2552=EDGE_CURVE('',#1924,#1920,#332,.T.);
#2556=EDGE_CURVE('',#1967,#1968,#336,.T.);
#2558=EDGE_CURVE('',#1967,#1971,#340,.T.);
#2560=EDGE_CURVE('',#1971,#1972,#344,.T.);
#2562=EDGE_CURVE('',#1972,#1968,#348,.T.);
#2566=EDGE_CURVE('',#2015,#2016,#352,.T.);
#2568=EDGE_CURVE('',#2015,#2019,#356,.T.);
#2570=EDGE_CURVE('',#2019,#2020,#360,.T.);
#2572=EDGE_CURVE('',#2020,#2016,#364,.T.);
#2576=EDGE_CURVE('',#2063,#2064,#368,.T.);
#2578=EDGE_CURVE('',#2063,#2067,#372,.T.);
#2580=EDGE_CURVE('',#2067,#2068,#376,.T.);
#2582=EDGE_CURVE('',#2068,#2064,#380,.T.);
#2586=EDGE_CURVE('',#2111,#2112,#384,.T.);
#2588=EDGE_CURVE('',#2111,#2115,#388,.T.);
#2590=EDGE_CURVE('',#2115,#2116,#392,.T.);
#2592=EDGE_CURVE('',#2116,#2112,#396,.T.);
#2609=EDGE_CURVE('',#1899,#1911,#441,.T.);
#2611=EDGE_CURVE('',#1891,#1899,#516,.T.);
#2613=EDGE_CURVE('',#1882,#1891,#507,.T.);
#2615=EDGE_CURVE('',#1880,#1882,#495,.T.);
#2617=EDGE_CURVE('',#1880,#1888,#420,.T.);
#2619=EDGE_CURVE('',#1888,#1896,#425,.T.);
#2621=EDGE_CURVE('',#1896,#1912,#429,.T.);
#2632=EDGE_CURVE('',#1920,#1904,#433,.T.);
#2634=EDGE_CURVE('',#1904,#1906,#532,.T.);
#2636=EDGE_CURVE('',#1919,#1906,#445,.T.);
#2647=EDGE_CURVE('',#1900,#1915,#458,.T.);
#2649=EDGE_CURVE('',#1899,#1900,#437,.T.);
#2662=EDGE_CURVE('',#1906,#1908,#528,.T.);
#2664=EDGE_CURVE('',#1923,#1908,#462,.T.);
#2675=EDGE_CURVE('',#1895,#1916,#470,.T.);
#2677=EDGE_CURVE('',#1887,#1895,#483,.T.);
#2679=EDGE_CURVE('',#1879,#1887,#487,.T.);
#2681=EDGE_CURVE('',#1884,#1879,#503,.T.);
#2683=EDGE_CURVE('',#1884,#1892,#449,.T.);
#2685=EDGE_CURVE('',#1892,#1900,#454,.T.);
#2698=EDGE_CURVE('',#1908,#1903,#524,.T.);
#2700=EDGE_CURVE('',#1924,#1903,#474,.T.);
#2712=EDGE_CURVE('',#1895,#1896,#466,.T.);
#2725=EDGE_CURVE('',#1903,#1904,#520,.T.);
#2736=EDGE_CURVE('',#1887,#1888,#478,.T.);
#2749=EDGE_CURVE('',#1879,#1880,#491,.T.);
#2764=EDGE_CURVE('',#1882,#1884,#499,.T.);
#2777=EDGE_CURVE('',#1891,#1892,#511,.T.);
#2813=EDGE_CURVE('',#1947,#1959,#557,.T.);
#2815=EDGE_CURVE('',#1939,#1947,#632,.T.);
#2817=EDGE_CURVE('',#1930,#1939,#623,.T.);
#2819=EDGE_CURVE('',#1928,#1930,#611,.T.);
#2821=EDGE_CURVE('',#1928,#1936,#536,.T.);
#2823=EDGE_CURVE('',#1936,#1944,#541,.T.);
#2825=EDGE_CURVE('',#1944,#1960,#545,.T.);
#2836=EDGE_CURVE('',#1968,#1952,#549,.T.);
#2838=EDGE_CURVE('',#1952,#1954,#648,.T.);
#2840=EDGE_CURVE('',#1967,#1954,#561,.T.);
#2851=EDGE_CURVE('',#1948,#1963,#574,.T.);
#2853=EDGE_CURVE('',#1947,#1948,#553,.T.);
#2866=EDGE_CURVE('',#1954,#1956,#644,.T.);
#2868=EDGE_CURVE('',#1971,#1956,#578,.T.);
#2879=EDGE_CURVE('',#1943,#1964,#586,.T.);
#2881=EDGE_CURVE('',#1935,#1943,#599,.T.);
#2883=EDGE_CURVE('',#1927,#1935,#603,.T.);
#2885=EDGE_CURVE('',#1932,#1927,#619,.T.);
#2887=EDGE_CURVE('',#1932,#1940,#565,.T.);
#2889=EDGE_CURVE('',#1940,#1948,#570,.T.);
#2902=EDGE_CURVE('',#1956,#1951,#640,.T.);
#2904=EDGE_CURVE('',#1972,#1951,#590,.T.);
#2916=EDGE_CURVE('',#1943,#1944,#582,.T.);
#2929=EDGE_CURVE('',#1951,#1952,#636,.T.);
#2940=EDGE_CURVE('',#1935,#1936,#594,.T.);
#2953=EDGE_CURVE('',#1927,#1928,#607,.T.);
#2968=EDGE_CURVE('',#1930,#1932,#615,.T.);
#2981=EDGE_CURVE('',#1939,#1940,#627,.T.);
#3017=EDGE_CURVE('',#1995,#2007,#673,.T.);
#3019=EDGE_CURVE('',#1987,#1995,#748,.T.);
#3021=EDGE_CURVE('',#1978,#1987,#739,.T.);
#3023=EDGE_CURVE('',#1976,#1978,#727,.T.);
#3025=EDGE_CURVE('',#1976,#1984,#652,.T.);
#3027=EDGE_CURVE('',#1984,#1992,#657,.T.);
#3029=EDGE_CURVE('',#1992,#2008,#661,.T.);
#3040=EDGE_CURVE('',#2016,#2000,#665,.T.);
#3042=EDGE_CURVE('',#2000,#2002,#764,.T.);
#3044=EDGE_CURVE('',#2015,#2002,#677,.T.);
#3055=EDGE_CURVE('',#1996,#2011,#690,.T.);
#3057=EDGE_CURVE('',#1995,#1996,#669,.T.);
#3070=EDGE_CURVE('',#2002,#2004,#760,.T.);
#3072=EDGE_CURVE('',#2019,#2004,#694,.T.);
#3083=EDGE_CURVE('',#1991,#2012,#702,.T.);
#3085=EDGE_CURVE('',#1983,#1991,#715,.T.);
#3087=EDGE_CURVE('',#1975,#1983,#719,.T.);
#3089=EDGE_CURVE('',#1980,#1975,#735,.T.);
#3091=EDGE_CURVE('',#1980,#1988,#681,.T.);
#3093=EDGE_CURVE('',#1988,#1996,#686,.T.);
#3106=EDGE_CURVE('',#2004,#1999,#756,.T.);
#3108=EDGE_CURVE('',#2020,#1999,#706,.T.);
#3120=EDGE_CURVE('',#1991,#1992,#698,.T.);
#3133=EDGE_CURVE('',#1999,#2000,#752,.T.);
#3144=EDGE_CURVE('',#1983,#1984,#710,.T.);
#3157=EDGE_CURVE('',#1975,#1976,#723,.T.);
#3172=EDGE_CURVE('',#1978,#1980,#731,.T.);
#3185=EDGE_CURVE('',#1987,#1988,#743,.T.);
#3221=EDGE_CURVE('',#2043,#2055,#789,.T.);
#3223=EDGE_CURVE('',#2035,#2043,#864,.T.);
#3225=EDGE_CURVE('',#2026,#2035,#855,.T.);
#3227=EDGE_CURVE('',#2024,#2026,#843,.T.);
#3229=EDGE_CURVE('',#2024,#2032,#768,.T.);
#3231=EDGE_CURVE('',#2032,#2040,#773,.T.);
#3233=EDGE_CURVE('',#2040,#2056,#777,.T.);
#3244=EDGE_CURVE('',#2064,#2048,#781,.T.);
#3246=EDGE_CURVE('',#2048,#2050,#880,.T.);
#3248=EDGE_CURVE('',#2063,#2050,#793,.T.);
#3259=EDGE_CURVE('',#2044,#2059,#806,.T.);
#3261=EDGE_CURVE('',#2043,#2044,#785,.T.);
#3274=EDGE_CURVE('',#2050,#2052,#876,.T.);
#3276=EDGE_CURVE('',#2067,#2052,#810,.T.);
#3287=EDGE_CURVE('',#2039,#2060,#818,.T.);
#3289=EDGE_CURVE('',#2031,#2039,#831,.T.);
#3291=EDGE_CURVE('',#2023,#2031,#835,.T.);
#3293=EDGE_CURVE('',#2028,#2023,#851,.T.);
#3295=EDGE_CURVE('',#2028,#2036,#797,.T.);
#3297=EDGE_CURVE('',#2036,#2044,#802,.T.);
#3310=EDGE_CURVE('',#2052,#2047,#872,.T.);
#3312=EDGE_CURVE('',#2068,#2047,#822,.T.);
#3324=EDGE_CURVE('',#2039,#2040,#814,.T.);
#3337=EDGE_CURVE('',#2047,#2048,#868,.T.);
#3348=EDGE_CURVE('',#2031,#2032,#826,.T.);
#3361=EDGE_CURVE('',#2023,#2024,#839,.T.);
#3376=EDGE_CURVE('',#2026,#2028,#847,.T.);
#3389=EDGE_CURVE('',#2035,#2036,#859,.T.);
#3425=EDGE_CURVE('',#2091,#2103,#905,.T.);
#3427=EDGE_CURVE('',#2083,#2091,#980,.T.);
#3429=EDGE_CURVE('',#2074,#2083,#971,.T.);
#3431=EDGE_CURVE('',#2072,#2074,#959,.T.);
#3433=EDGE_CURVE('',#2072,#2080,#884,.T.);
#3435=EDGE_CURVE('',#2080,#2088,#889,.T.);
#3437=EDGE_CURVE('',#2088,#2104,#893,.T.);
#3448=EDGE_CURVE('',#2112,#2096,#897,.T.);
#3450=EDGE_CURVE('',#2096,#2098,#996,.T.);
#3452=EDGE_CURVE('',#2111,#2098,#909,.T.);
#3463=EDGE_CURVE('',#2092,#2107,#922,.T.);
#3465=EDGE_CURVE('',#2091,#2092,#901,.T.);
#3478=EDGE_CURVE('',#2098,#2100,#992,.T.);
#3480=EDGE_CURVE('',#2115,#2100,#926,.T.);
#3491=EDGE_CURVE('',#2087,#2108,#934,.T.);
#3493=EDGE_CURVE('',#2079,#2087,#947,.T.);
#3495=EDGE_CURVE('',#2071,#2079,#951,.T.);
#3497=EDGE_CURVE('',#2076,#2071,#967,.T.);
#3499=EDGE_CURVE('',#2076,#2084,#913,.T.);
#3501=EDGE_CURVE('',#2084,#2092,#918,.T.);
#3514=EDGE_CURVE('',#2100,#2095,#988,.T.);
#3516=EDGE_CURVE('',#2116,#2095,#938,.T.);
#3528=EDGE_CURVE('',#2087,#2088,#930,.T.);
#3541=EDGE_CURVE('',#2095,#2096,#984,.T.);
#3552=EDGE_CURVE('',#2079,#2080,#942,.T.);
#3565=EDGE_CURVE('',#2071,#2072,#955,.T.);
#3580=EDGE_CURVE('',#2074,#2076,#963,.T.);
#3593=EDGE_CURVE('',#2083,#2084,#975,.T.);
#3628=EDGE_CURVE('',#2166,#2124,#1000,.T.);
#3630=EDGE_CURVE('',#1798,#2166,#1004,.T.);
#3632=EDGE_CURVE('',#1798,#1824,#1040,.T.);
#3643=EDGE_CURVE('',#2168,#2123,#1008,.T.);
#3646=EDGE_CURVE('',#1820,#1828,#1464,.T.);
#3648=EDGE_CURVE('',#2168,#1820,#1012,.T.);
#3658=EDGE_CURVE('',#2127,#2128,#1016,.T.);
#3660=EDGE_CURVE('',#2128,#2134,#1469,.T.);
#3662=EDGE_CURVE('',#2134,#2138,#1486,.T.);
#3664=EDGE_CURVE('',#2138,#2142,#1502,.T.);
#3666=EDGE_CURVE('',#2142,#2146,#1518,.T.);
#3668=EDGE_CURVE('',#2146,#2150,#1535,.T.);
#3670=EDGE_CURVE('',#2150,#2154,#1552,.T.);
#3672=EDGE_CURVE('',#2158,#2154,#1569,.T.);
#3674=EDGE_CURVE('',#2158,#2162,#1586,.T.);
#3676=EDGE_CURVE('',#2166,#2162,#1603,.T.);
#3679=EDGE_CURVE('',#2124,#2120,#1620,.T.);
#3681=EDGE_CURVE('',#2120,#2127,#1032,.T.);
#3692=EDGE_CURVE('',#1779,#2127,#1020,.T.);
#3694=EDGE_CURVE('',#1779,#1780,#1084,.T.);
#3696=EDGE_CURVE('',#1780,#2128,#1473,.T.);
#3706=EDGE_CURVE('',#2131,#2132,#1024,.T.);
#3708=EDGE_CURVE('',#2132,#1802,#1482,.T.);
#3710=EDGE_CURVE('',#1801,#1802,#1420,.T.);
#3712=EDGE_CURVE('',#2131,#1801,#1028,.T.);
#3724=EDGE_CURVE('',#1823,#1779,#1088,.T.);
#3735=EDGE_CURVE('',#2119,#2131,#1036,.T.);
#3738=EDGE_CURVE('',#1827,#1801,#1416,.T.);
#3749=EDGE_CURVE('',#1823,#1824,#1092,.T.);
#3752=EDGE_CURVE('',#1796,#1798,#1045,.T.);
#3754=EDGE_CURVE('',#1794,#1796,#1049,.T.);
#3756=EDGE_CURVE('',#1792,#1794,#1054,.T.);
#3758=EDGE_CURVE('',#1790,#1792,#1058,.T.);
#3760=EDGE_CURVE('',#1788,#1790,#1063,.T.);
#3762=EDGE_CURVE('',#1786,#1788,#1067,.T.);
#3764=EDGE_CURVE('',#1784,#1786,#1071,.T.);
#3766=EDGE_CURVE('',#1782,#1784,#1075,.T.);
#3768=EDGE_CURVE('',#1780,#1782,#1080,.T.);
#3782=EDGE_CURVE('',#1664,#1666,#1144,.T.);
#3793=EDGE_CURVE('',#1827,#1828,#1100,.T.);
#3807=EDGE_CURVE('',#1680,#1663,#1112,.T.);
#3809=EDGE_CURVE('',#1678,#1680,#1116,.T.);
#3811=EDGE_CURVE('',#1676,#1678,#1120,.T.);
#3813=EDGE_CURVE('',#1674,#1676,#1124,.T.);
#3815=EDGE_CURVE('',#1672,#1674,#1128,.T.);
#3817=EDGE_CURVE('',#1670,#1672,#1132,.T.);
#3819=EDGE_CURVE('',#1668,#1670,#1136,.T.);
#3831=EDGE_CURVE('',#1692,#1696,#1148,.T.);
#3833=EDGE_CURVE('',#1692,#1680,#1152,.T.);
#3845=EDGE_CURVE('',#1708,#1712,#1156,.T.);
#3847=EDGE_CURVE('',#1708,#1690,#1160,.T.);
#3849=EDGE_CURVE('',#1690,#1694,#1164,.T.);
#3860=EDGE_CURVE('',#1724,#1728,#1168,.T.);
#3862=EDGE_CURVE('',#1724,#1706,#1172,.T.);
#3864=EDGE_CURVE('',#1706,#1710,#1176,.T.);
#3875=EDGE_CURVE('',#1740,#1744,#1180,.T.);
#3877=EDGE_CURVE('',#1740,#1722,#1184,.T.);
#3879=EDGE_CURVE('',#1722,#1726,#1188,.T.);
#3890=EDGE_CURVE('',#1756,#1760,#1192,.T.);
#3892=EDGE_CURVE('',#1756,#1738,#1196,.T.);
#3894=EDGE_CURVE('',#1738,#1742,#1200,.T.);
#3905=EDGE_CURVE('',#1770,#1774,#1204,.T.);
#3909=EDGE_CURVE('',#1660,#1770,#1208,.T.);
#3919=EDGE_CURVE('',#1772,#1776,#1212,.T.);
#3921=EDGE_CURVE('',#1772,#1754,#1216,.T.);
#3923=EDGE_CURVE('',#1754,#1758,#1220,.T.);
#3934=EDGE_CURVE('',#1687,#1688,#1232,.T.);
#3936=EDGE_CURVE('',#1687,#1692,#1304,.T.);
#3948=EDGE_CURVE('',#1763,#1764,#1224,.T.);
#3950=EDGE_CURVE('',#1658,#1763,#1364,.T.);
#3953=EDGE_CURVE('',#1656,#1676,#1228,.T.);
#3956=EDGE_CURVE('',#1687,#1678,#1308,.T.);
#3960=EDGE_CURVE('',#1683,#1684,#1240,.T.);
#3962=EDGE_CURVE('',#1703,#1683,#1316,.T.);
#3964=EDGE_CURVE('',#1703,#1704,#1244,.T.);
#3967=EDGE_CURVE('',#1699,#1700,#1252,.T.);
#3969=EDGE_CURVE('',#1719,#1699,#1328,.T.);
#3971=EDGE_CURVE('',#1719,#1720,#1256,.T.);
#3974=EDGE_CURVE('',#1715,#1716,#1264,.T.);
#3976=EDGE_CURVE('',#1735,#1715,#1340,.T.);
#3978=EDGE_CURVE('',#1735,#1736,#1268,.T.);
#3981=EDGE_CURVE('',#1731,#1732,#1276,.T.);
#3983=EDGE_CURVE('',#1751,#1731,#1352,.T.);
#3985=EDGE_CURVE('',#1751,#1752,#1280,.T.);
#3988=EDGE_CURVE('',#1747,#1748,#1288,.T.);
#3990=EDGE_CURVE('',#1767,#1747,#1372,.T.);
#3992=EDGE_CURVE('',#1767,#1768,#1292,.T.);
#4006=EDGE_CURVE('',#1763,#1770,#1360,.T.);
#4028=EDGE_CURVE('',#1703,#1708,#1312,.T.);
#4031=EDGE_CURVE('',#1683,#1690,#1320,.T.);
#4042=EDGE_CURVE('',#1719,#1724,#1324,.T.);
#4045=EDGE_CURVE('',#1699,#1706,#1332,.T.);
#4056=EDGE_CURVE('',#1735,#1740,#1336,.T.);
#4059=EDGE_CURVE('',#1715,#1722,#1344,.T.);
#4070=EDGE_CURVE('',#1751,#1756,#1348,.T.);
#4073=EDGE_CURVE('',#1731,#1738,#1356,.T.);
#4096=EDGE_CURVE('',#1767,#1772,#1368,.T.);
#4099=EDGE_CURVE('',#1747,#1754,#1376,.T.);
#4231=EDGE_CURVE('',#1654,#1674,#1400,.T.);
#4244=EDGE_CURVE('',#1652,#1672,#1404,.T.);
#4257=EDGE_CURVE('',#1650,#1670,#1408,.T.);
#4284=EDGE_CURVE('',#1802,#1804,#1425,.T.);
#4286=EDGE_CURVE('',#1804,#1806,#1429,.T.);
#4288=EDGE_CURVE('',#1806,#1808,#1433,.T.);
#4290=EDGE_CURVE('',#1808,#1810,#1437,.T.);
#4292=EDGE_CURVE('',#1810,#1812,#1442,.T.);
#4294=EDGE_CURVE('',#1812,#1814,#1446,.T.);
#4296=EDGE_CURVE('',#1814,#1816,#1451,.T.);
#4298=EDGE_CURVE('',#1816,#1818,#1455,.T.);
#4300=EDGE_CURVE('',#1818,#1820,#1460,.T.);
#4314=EDGE_CURVE('',#1782,#2134,#1490,.T.);
#4324=EDGE_CURVE('',#2132,#2136,#1478,.T.);
#4326=EDGE_CURVE('',#2136,#1804,#1498,.T.);
#4341=EDGE_CURVE('',#1784,#2138,#1506,.T.);
#4351=EDGE_CURVE('',#2136,#2140,#1494,.T.);
#4353=EDGE_CURVE('',#2140,#1806,#1514,.T.);
#4368=EDGE_CURVE('',#1786,#2142,#1522,.T.);
#4378=EDGE_CURVE('',#2140,#2144,#1510,.T.);
#4380=EDGE_CURVE('',#2144,#1808,#1530,.T.);
#4395=EDGE_CURVE('',#1788,#2146,#1539,.T.);
#4405=EDGE_CURVE('',#2144,#2148,#1526,.T.);
#4407=EDGE_CURVE('',#2148,#1810,#1548,.T.);
#4422=EDGE_CURVE('',#1790,#2150,#1556,.T.);
#4432=EDGE_CURVE('',#2148,#2152,#1544,.T.);
#4434=EDGE_CURVE('',#2152,#1812,#1564,.T.);
#4449=EDGE_CURVE('',#1792,#2154,#1573,.T.);
#4459=EDGE_CURVE('',#2152,#2156,#1560,.T.);
#4461=EDGE_CURVE('',#2156,#1814,#1582,.T.);
#4476=EDGE_CURVE('',#1794,#2158,#1590,.T.);
#4486=EDGE_CURVE('',#2160,#2156,#1578,.T.);
#4488=EDGE_CURVE('',#2160,#1816,#1598,.T.);
#4503=EDGE_CURVE('',#1796,#2162,#1607,.T.);
#4513=EDGE_CURVE('',#2160,#2164,#1594,.T.);
#4515=EDGE_CURVE('',#2164,#1818,#1616,.T.);
#4539=EDGE_CURVE('',#2168,#2164,#1612,.T.);
#4554=EDGE_CURVE('',#2119,#2123,#1624,.T.);
#4603=CIRCLE('',#4602,3.35E-2);
#4604=TRIMMED_CURVE('',#4603,(PARAMETER_VALUE(0.E0)),(PARAMETER_VALUE(1.8E2)),
.T.,.UNSPECIFIED.);
#4605=COMPOSITE_CURVE_SEGMENT(.CONTINUOUS.,.T.,#4604);
#4610=CIRCLE('',#4609,3.35E-2);
#4611=TRIMMED_CURVE('',#4610,(PARAMETER_VALUE(0.E0)),(PARAMETER_VALUE(1.8E2)),
.T.,.UNSPECIFIED.);
#4612=COMPOSITE_CURVE_SEGMENT(.CONTINUOUS.,.T.,#4611);
#4613=COMPOSITE_CURVE('',(#4605,#4612),.F.);
#4619=CIRCLE('',#4618,3.35E-2);
#4620=TRIMMED_CURVE('',#4619,(PARAMETER_VALUE(0.E0)),(PARAMETER_VALUE(1.8E2)),
.T.,.UNSPECIFIED.);
#4621=COMPOSITE_CURVE_SEGMENT(.CONTINUOUS.,.T.,#4620);
#4626=CIRCLE('',#4625,3.35E-2);
#4627=TRIMMED_CURVE('',#4626,(PARAMETER_VALUE(0.E0)),(PARAMETER_VALUE(1.8E2)),
.T.,.UNSPECIFIED.);
#4628=COMPOSITE_CURVE_SEGMENT(.CONTINUOUS.,.T.,#4627);
#4629=COMPOSITE_CURVE('',(#4621,#4628),.F.);
#4634=CIRCLE('',#4633,3.35E-2);
#4635=TRIMMED_CURVE('',#4634,(PARAMETER_VALUE(0.E0)),(PARAMETER_VALUE(1.8E2)),
.T.,.UNSPECIFIED.);
#4636=COMPOSITE_CURVE_SEGMENT(.CONTINUOUS.,.T.,#4635);
#4641=CIRCLE('',#4640,3.35E-2);
#4642=TRIMMED_CURVE('',#4641,(PARAMETER_VALUE(0.E0)),(PARAMETER_VALUE(1.8E2)),
.T.,.UNSPECIFIED.);
#4643=COMPOSITE_CURVE_SEGMENT(.CONTINUOUS.,.T.,#4642);
#4644=COMPOSITE_CURVE('',(#4636,#4643),.F.);
#4649=CIRCLE('',#4648,3.35E-2);
#4650=TRIMMED_CURVE('',#4649,(PARAMETER_VALUE(0.E0)),(PARAMETER_VALUE(1.8E2)),
.T.,.UNSPECIFIED.);
#4651=COMPOSITE_CURVE_SEGMENT(.CONTINUOUS.,.T.,#4650);
#4656=CIRCLE('',#4655,3.35E-2);
#4657=TRIMMED_CURVE('',#4656,(PARAMETER_VALUE(0.E0)),(PARAMETER_VALUE(1.8E2)),
.T.,.UNSPECIFIED.);
#4658=COMPOSITE_CURVE_SEGMENT(.CONTINUOUS.,.T.,#4657);
#4659=COMPOSITE_CURVE('',(#4651,#4658),.F.);
#4664=CIRCLE('',#4663,3.35E-2);
#4665=TRIMMED_CURVE('',#4664,(PARAMETER_VALUE(0.E0)),(PARAMETER_VALUE(1.8E2)),
.T.,.UNSPECIFIED.);
#4666=COMPOSITE_CURVE_SEGMENT(.CONTINUOUS.,.T.,#4665);
#4671=CIRCLE('',#4670,3.35E-2);
#4672=TRIMMED_CURVE('',#4671,(PARAMETER_VALUE(0.E0)),(PARAMETER_VALUE(1.8E2)),
.T.,.UNSPECIFIED.);
#4673=COMPOSITE_CURVE_SEGMENT(.CONTINUOUS.,.T.,#4672);
#4674=COMPOSITE_CURVE('',(#4666,#4673),.F.);
#4679=CIRCLE('',#4678,3.35E-2);
#4680=TRIMMED_CURVE('',#4679,(PARAMETER_VALUE(0.E0)),(PARAMETER_VALUE(1.8E2)),
.T.,.UNSPECIFIED.);
#4681=COMPOSITE_CURVE_SEGMENT(.CONTINUOUS.,.T.,#4680);
#4686=CIRCLE('',#4685,3.35E-2);
#4687=TRIMMED_CURVE('',#4686,(PARAMETER_VALUE(0.E0)),(PARAMETER_VALUE(1.8E2)),
.T.,.UNSPECIFIED.);
#4688=COMPOSITE_CURVE_SEGMENT(.CONTINUOUS.,.T.,#4687);
#4689=COMPOSITE_CURVE('',(#4681,#4688),.F.);
#4691=(LENGTH_UNIT()NAMED_UNIT(*)SI_UNIT(.MILLI.,.METRE.));
#4695=(NAMED_UNIT(*)PLANE_ANGLE_UNIT()SI_UNIT($,.RADIAN.));
#4698=(NAMED_UNIT(*)SI_UNIT($,.STERADIAN.)SOLID_ANGLE_UNIT());
#4701=ADVANCED_BREP_SHAPE_REPRESENTATION('',(#4594),#4700);
#4702=GEOMETRICALLY_BOUNDED_SURFACE_SHAPE_REPRESENTATION('',(#4614),#4700);
#4703=SHAPE_REPRESENTATION('',(#4598),#4700);
#4712=PRODUCT_DEFINITION('design','',#4711,#4708);
#4713=PRODUCT_DEFINITION_SHAPE('','SHAPE FOR 026605060.',#4712);
#4714=SHAPE_DEFINITION_REPRESENTATION(#4713,#4703);
ENDSEC;
END-ISO-10303-21;
